	ZAM1_s1_YZA	ZAM1_s2_YZA	ZAM1_s3_YZA	ZAM1_s4_YZA	ZAM1_s5_YZA	ZAM1_s6_YZA	ZAM1_s7_YZA	ZAM1_s8_YZA	ZAM1_s9_YZA	ZAM1_s10_YZA	ZAM1_s11_OZA	ZAM1_s12_OZA	ZAM1_s13_OZA	ZAM1_s14_OZA	ZAM1_s15_OZA	ZAM1_s17_OZA	ZAM1_s18_OZA	ZAM1_s19_OZA	ZAM1_s20_YZS	ZAM1_s21_YZS	ZAM1_s22_YZS	ZAM1_s23_YZS	ZAM1_s24_YZS	ZAM1_s25_YZS	ZAM1_s26_YZS	ZAM1_s27_YZS	ZAM1_s28_YZS	ZAM1_s29_YZS	ZAM1_s30_OZS	ZAM1_s31_OZS	ZAM1_s32_OZS	ZAM1_s33_OZS	ZAM1_s34_OZS	ZAM1_s36_OZS	ZAM1_s37_OZS	ZAM1_s38_OZS	ZAM1_s39_YZA	ZAM1_s40_YZA	ZAM1_s41_YZA	ZAM1_s43_YZA	ZAM1_s44_YZA	ZAM1_s45_YZA	ZAM1_s46_YZA	ZAM1_s47_YZA	ZAM1_s48_YZA	ZAM1_s49_OZA	ZAM1_s50_OZA	ZAM1_s51_OZA	ZAM1_s52_OZA	ZAM1_s53_OZA	ZAM1_s54_OZA	ZAM1_s55_OZA	ZAM1_s56_OZA	ZAM1_s58_YZS	ZAM1_s59_YZS	ZAM1_s60_YZS	ZAM1_s61_YZS	ZAM1_s62_YZS	ZAM1_s63_YZS	ZAM1_s65_YZS	ZAM1_s66_YZS	ZAM1_s67_OZS	ZAM1_s69_OZS	ZAM1_s70_OZS	ZAM1_s71_OZS	ZAM1_s72_OZS	ZAM1_s73_OZS	ZAM1_s74_OZS	ZAM1_s75_OZS
ZAM1_s1_YZA	0.0	0.21035758222925482	0.21152105391645876	0.14321414089587287	0.09224742539308842	0.15680478770364117	0.14096983596075002	0.1697247537733823	0.0836443128488621	0.22251550938644069	2.1180104073756714	2.2001333225812814	2.440406586087348	2.5744744925767686	2.160790861003592	2.4493418208969557	1.846263005596338	2.0523064562111526	0.11213006143300491	0.1665428959299459	0.29469137686618513	0.1333949348237658	0.21354304267545426	0.05798132000000273	0.16406036115713174	0.22360834094510462	0.03426238756682202	0.1066250235141518	1.8348072148058514	2.3792071470501064	2.164917721158672	1.9398784258881214	1.8496700393362981	2.2363186203144148	2.3537125000324015	2.47961564511233	0.05608937208406984	1.0251148764741485	0.2502977967480013	0.24684082790903153	0.29415333563164336	0.5038661365144146	0.46745375714058496	0.35670855736874374	0.9385851650443822	2.099974368445712	2.4297902782365814	2.4332870911741384	2.298003827247387	2.214118800359857	2.0019759097409153	1.6826982558869266	1.9651799534208907	0.149258580282461	0.19015088339574282	0.22248166158771743	0.0948055729557848	0.520371054905411	0.15857776199831083	0.3708940794560001	0.2737625964969546	1.6609513061871621	2.232280438641886	1.7581051966125958	2.072843374301385	1.9165940978196465	2.266188598754991	1.9338609887517502	2.4001751884179576
ZAM1_s2_YZA	0.21035758222925482	0.0	0.020260828887341813	0.2658030517017595	0.26397239141285056	0.33379688593878404	0.22182066073741621	0.0744118325489916	0.12742181713690368	0.21883141215796423	1.94244412902662	2.0285964856373555	2.2599914173048843	2.3792447925113662	1.9921813870906075	2.2627130006134357	1.68841441478381	1.8793310605843554	0.18871994452959706	0.10271174026839186	0.4303082896095822	0.2645252382737164	0.4068243948073227	0.26810497146682644	0.05874348800411225	0.17910465905696965	0.1839464964200951	0.2696160023834964	1.6719769770663022	2.195898839422671	1.991440542116858	1.758694235597109	1.6866682165454803	2.0565690411287156	2.176069214622391	2.2831028946553444	0.19460566669468532	0.8952217734233947	0.20273315264249375	0.2660417987201981	0.3087159426481852	0.34737922630543844	0.3352736357040591	0.21833878242456117	0.8332315088613681	1.9313343234782965	2.2413729524740904	2.2468544370327406	2.1269422310692434	2.048190351612508	1.8097666756433421	1.5160378882200634	1.7998011755414918	0.061103801350776255	0.11285523219666323	0.37708036779070186	0.28333899421984354	0.31775029952047923	0.16195993888729074	0.3116523333240431	0.29817870534306196	1.4917642295176148	2.0626044248786393	1.5901945350006603	1.8993180766180369	1.736311586220435	2.0825563948076966	1.7624203799256088	2.2046535876369804
ZAM1_s3_YZA	0.21152105391645876	0.020260828887341813	0.0	0.255679950715551	0.2712037568653062	0.3272568355579268	0.23496834280136428	0.09057869582103378	0.1278786670960289	0.23705662194520397	1.954007856131441	2.0407166307536424	2.270718347689679	2.38698899000278	2.0047063382841284	2.2723392020609845	1.7023335552280254	1.8912911819430793	0.20036284229549522	0.11928671884753542	0.44322740580784326	0.2753589811309817	0.40174499415894904	0.2686171054172917	0.07188804996937699	0.1982744874276864	0.18746296375257648	0.277838789988938	1.6853304753119995	2.2061465735866874	2.0032969170264128	1.7694228709543762	1.699995556695113	2.0674504408529084	2.1872577514096494	2.29053570687479	0.20107940332182367	0.9121758148766737	0.2223740831807085	0.2840335365298177	0.32738837011644106	0.3635517913578347	0.3535140075465863	0.2371017277354122	0.8517080306957773	1.9438723949326897	2.250653912453817	2.256521049885865	2.139103281335219	2.0610448910008774	1.818343279610838	1.5289848485707784	1.8127978092137698	0.06435349925043762	0.09516492936974942	0.38786363541802477	0.2891714819217373	0.3250823102520795	0.17771331207801308	0.3319094800497608	0.3163484542488886	1.504393276154592	2.074969230001381	1.6029475736042011	1.9111935331768604	1.7471981149349063	2.0927720204354077	1.7746337125468008	2.212353948452865
ZAM1_s4_YZA	0.14321414089587287	0.2658030517017595	0.255679950715551	0.0	0.22706421081754283	0.09013449577536341	0.2833161161321088	0.26373096001639423	0.16561404315997852	0.35828491198530577	2.207993223914483	2.293633790597174	2.5257937960941104	2.6416694878562073	2.256669817530054	2.528008041944323	1.9497941779125398	2.144554376639784	0.25109009689042644	0.27415587491138876	0.42349460541125333	0.2746276505529978	0.1680656092582769	0.1434659814044883	0.24696633564555864	0.3499803938090027	0.16812035687872814	0.24258876805428528	1.9349022612849942	2.461593772354871	2.256756386678646	2.0244959836419083	1.9496508312657224	2.3223674481974594	2.4418004132146036	2.544839204038409	0.1972778903524418	1.1423274557277214	0.3784766076632961	0.3874544809913359	0.4355795990595307	0.6039607500289669	0.5787260041749059	0.4620034501375963	1.0648265821981282	2.1958102127788828	2.506323817183353	2.5121841217338714	2.391922822254568	2.312099021257153	2.0737752697901795	1.7798854397440336	2.0634779434789996	0.2162965238157384	0.1796182943920697	0.34792285107634763	0.21809066460923449	0.5801868271058158	0.28809219438759825	0.5025039536480588	0.41564836961485513	1.756174232932464	2.327322886670459	1.8543761946084556	2.1646220619167633	2.0021107352684337	2.348236821560857	2.027371424937721	2.466998371909583
ZAM1_s5_YZA	0.09224742539308842	0.26397239141285056	0.2712037568653062	0.22706421081754283	0.0	0.21175570998949259	0.0926348842702477	0.20262339201067175	0.15363317367860818	0.1859822366334443	2.1104050018458627	2.1893614027900736	2.4360304612001205	2.5839518512110127	2.1480189325316754	2.450323018358792	1.8272155729309065	2.042912352933132	0.09223781617528747	0.18627438910621053	0.20244395265728662	0.05349517914109852	0.24241818645469296	0.09058992943308324	0.20759606011726736	0.20623895133051007	0.09228019398739142	0.015586973372447377	1.818979312263175	2.3773576666813607	2.155641736255029	1.9371317300099666	1.8339084379064534	2.231754273880363	2.347254071477516	2.490679399456711	0.0704015429235248	0.9954300867406299	0.22647943191718095	0.19325592520469098	0.2345792392571455	0.5005595067221855	0.4535873373290763	0.35490858696334415	0.8984374882105952	2.0873606104893976	2.4324628834285145	2.434113514771782	2.2866938790608557	2.1993836738695833	2.0091239859745698	1.6699384676650026	1.9506653655298383	0.207126344558613	0.2728449775544163	0.13091050635952287	0.027502478853361278	0.5496620693020712	0.1477645899034132	0.33247695223504814	0.2130534284172081	1.6500094752273191	2.2201089595327206	1.7459359711598923	2.063807042661742	1.9131707801260445	2.264810757095627	1.92364966717336	2.4102046301131153
ZAM1_s6_YZA	0.15680478770364117	0.33379688593878404	0.3272568355579268	0.09013449577536341	0.21175570998949259	0.0	0.2903770474482768	0.31481768658239384	0.21541872355028246	0.3776699989038573	2.267678130708173	2.3512267559445563	2.5881798961388984	2.7129035382649027	2.312755059496884	2.5939161111050404	2.0005867759038996	2.2028692404696817	0.26712617997860344	0.31790672690432714	0.38591957474074073	0.264949429184442	0.07874526636312233	0.12192614315771909	0.3028154059068047	0.38039406133723147	0.19031127291009556	0.22662555676951576	1.9881040235784055	2.5255754346705808	2.315353385384538	2.0871338070842693	2.002935213265749	2.3843299791033457	2.5026508304589434	2.616871430134682	0.21120755428945848	1.181766681271672	0.4070681735633673	0.3973132733386978	0.44236041275911253	0.6556455096449733	0.6225903806796055	0.5095908648497032	1.0949914003429404	2.2519063440121707	2.5732745725033634	2.5779721530429325	2.4492817952695622	2.3668279700575563	2.142782109814893	1.834966420133674	2.1179296631474993	0.27735394462539237	0.26270406751311015	0.31044690311095474	0.19301965811228136	0.6515241580284299	0.3153823901809798	0.5267967073187843	0.42115558925405894	1.8125013399101204	2.383959745777064	1.9100790256961548	2.2232266838361925	2.0642496237598853	2.4123611888824894	2.0848749864656133	2.538336292680658
ZAM1_s7_YZA	0.14096983596075002	0.22182066073741621	0.23496834280136428	0.2833161161321088	0.0926348842702477	0.2903770474482768	0.0	0.1490872106315119	0.15255570990336928	0.09340295493208238	2.0182806704871985	2.096945788674729	2.3442707613181657	2.4951675745958815	2.0554856735653857	2.3594740434765837	1.7345999187113044	1.9506188546706933	0.039237274290642096	0.1241079408330325	0.20848815570794996	0.05448266913691153	0.33113813466596276	0.1700821784074133	0.16340646431695602	0.1166194872931734	0.11632858459712865	0.08493538429892925	1.726356894695663	2.2859974744996796	2.063348351014987	1.845700652719919	1.7412868555207186	2.1399936408170577	2.2552342646374814	2.4023982515897604	0.08607999568366986	0.9035364717691363	0.13455411095354272	0.10700673542914634	0.15336298855269256	0.4106478159982351	0.3616880595878559	0.26691259257983185	0.8087835180271596	1.9948382009777796	2.3419713783768366	2.343236469689025	2.1942360285263582	2.1067760277167205	1.9198498138694347	1.5774362857602506	1.8580708015129386	0.17816127807861387	0.26887981525635685	0.15996582019352285	0.12001214524098797	0.47416140779528987	0.06891385709782728	0.2411507293281684	0.13281302110999282	1.5576310306728012	2.1276033608502063	1.6534617818999384	1.9715439488866087	1.8216352771208815	2.1735500231322873	1.8312984024482617	2.32162949325112
ZAM1_s8_YZA	0.1697247537733823	0.0744118325489916	0.09057869582103378	0.26373096001639423	0.20262339201067175	0.31481768658239384	0.1490872106315119	0.0	0.10012937016368777	0.1479683654121595	1.952889567870929	2.0364685912333167	2.273828407528345	2.4048585797568243	1.9982164473371715	2.28110661383346	1.6879734056675815	1.8880599745371207	0.11889494073225762	0.028745431813680156	0.35722669499419435	0.19509882303037682	0.38058845131995706	0.22656559339399968	0.023452554618099017	0.11330335559066844	0.13743634071841454	0.20569478295846186	1.67437419389057	2.2117913546992765	2.0005379035143593	1.7729370599060599	1.6891760657871369	2.069890860956127	2.1879782358786706	2.309920246107599	0.13790340654216612	0.8790241318386809	0.140251676005641	0.19433142854337285	0.23904613820579532	0.3418416463178231	0.3151617403083585	0.19829043321505727	0.8059013071909503	1.9373608247177527	2.261162554884785	2.2650948385349965	2.1345517306166664	2.0526281325813973	1.8326441108593254	1.5206057427133188	1.8037853470455838	0.05699063564374274	0.1566441350537629	0.3069759456033034	0.22523019551906842	0.35246498372298213	0.0875510431818244	0.25951984864392513	0.22687440122511962	1.497872521962079	2.069326018556518	1.595581312928946	1.9084103819209464	1.7499056499962158	2.0986627539471003	1.7701138159315002	2.230531928078451
ZAM1_s9_YZA	0.0836443128488621	0.12742181713690368	0.1278786670960289	0.16561404315997852	0.15363317367860818	0.21541872355028246	0.15255570990336928	0.10012937016368777	0.0	0.20405749562186368	2.0523948598849135	2.136300462785381	2.3727637147139267	2.500079970964546	2.0982038903990192	2.378914289975334	1.7880628014109445	1.9877874343046964	0.11345714492342668	0.1085452734956848	0.34599429026630696	0.1736642235913124	0.28386482673398683	0.1409229183304936	0.08752999356167376	0.18771874192509502	0.06269446080671645	0.16366425479465577	1.774499529798989	2.3102590426562455	2.100229576217436	1.871731047841686	1.7893001921662532	2.1689113081093403	2.2872701752284876	2.4045957326446596	0.08509824131938981	0.9769152315611035	0.21660731545718862	0.24135821584752354	0.2902645781497477	0.4419660074092363	0.41366966748502687	0.297761088837366	0.8996983610357167	2.037346035633617	2.3585447447579138	2.3629450597167327	2.234415092921373	2.152706839674846	1.9288946292703457	1.6206574347242826	1.9038748880732665	0.0665005774365143	0.12111651744267238	0.28084713264255884	0.16691379540767184	0.4415193854721669	0.13080742846164092	0.34106137640552253	0.272810696794455	1.5978229175516467	2.1692648491641595	1.6955904016919914	2.008095512325423	1.848832971415321	2.1970658338711053	1.8699452923058546	2.325618507850644
ZAM1_s10_YZA	0.22251550938644069	0.21883141215796423	0.23705662194520397	0.35828491198530577	0.1859822366334443	0.3776699989038573	0.09340295493208238	0.1479683654121595	0.20405749562186368	0.0	1.9260714392979328	2.0042366277005637	2.252602200442063	2.4074262498994545	1.962540637735433	2.2690775108377825	1.6412356210090642	1.8581320632733418	0.11062289765297421	0.11974775052477905	0.24801383355977327	0.14208660699508655	0.4230938518305927	0.2602566103558001	0.17029012155986217	0.04673499267627324	0.19176766945551027	0.17743301589597874	1.633167227666316	2.1949044899579273	1.9708578062000173	1.7545461385170216	1.648100672197664	2.0483351834333483	2.1631790237385737	2.3153019194021645	0.16677578791676093	0.8105008014560765	0.04737572398718157	0.04753835893631756	0.09126130835392915	0.3232416050001303	0.2705464417374434	0.18541897368287716	0.7179099422034123	1.9019180423217816	2.2520545882359233	2.2528034777355304	2.101444479332483	2.0136382123051195	1.8315934583843765	1.4845694703840913	1.7649755750484337	0.19872206652136046	0.2998897496999893	0.22421252051701138	0.2132722269452753	0.408711794534837	0.07333691009591732	0.14942705168668324	0.07934790098094033	1.4650093745805681	2.0347168438626753	1.5606509276155347	1.8791083005390377	1.7303322724879424	2.0826051302417725	1.7387146314515018	2.234180173234661
ZAM1_s11_OZA	2.1180104073756714	1.94244412902662	1.954007856131441	2.207993223914483	2.1104050018458627	2.267678130708173	2.0182806704871985	1.952889567870929	2.0523948598849135	1.9260714392979328	0.0	0.10959852366588056	0.333721579681119	0.6350855181108273	0.1268100822031431	0.3970195622773979	0.37155280382388806	0.07796841535329303	2.0232101278536194	1.9517296331788907	2.107856184431485	2.0680001667402474	2.331533886097922	2.1702685122416434	1.965346862953204	1.9050543752380495	2.0838637741505277	2.1031316273479637	0.3373211609487202	0.2989863496955633	0.06028396219334266	0.20565255461381154	0.32432905408466073	0.1397171743412701	0.23795517192213536	0.5940767574100335	2.0719560159548736	1.1608066242868165	1.883932515203951	1.9319301921663359	1.9077639428827862	1.614324488435399	1.656845552572204	1.761737149978867	1.300285744694838	0.11674133027864994	0.40537792336217915	0.3810040254773696	0.19911595139196372	0.19197232580971652	0.34680122227723265	0.45062423306794724	0.2190838650881051	1.9931064803134049	2.0419895409586135	2.127124756560365	2.137906994515396	1.6376464102597343	1.9676755875717176	1.7897501771467244	1.9266139156390232	0.463877846936481	0.15560308471127776	0.37473425630214646	0.056276397310109146	0.21932180098813994	0.21161425974344947	0.19415235062588462	0.5201682475594099
ZAM1_s12_OZA	2.2001333225812814	2.0285964856373555	2.0407166307536424	2.293633790597174	2.1893614027900736	2.3512267559445563	2.096945788674729	2.0364685912333167	2.136300462785381	2.0042366277005637	0.10959852366588056	0.0	0.2918908716353587	0.6485703564670433	0.06235100127686472	0.39066882901883265	0.40193233486137	0.1505801329863178	2.103299610714045	2.0342794079374844	2.1793039422922376	2.1458102697297425	2.413639657706314	2.251522153136858	2.0496181200026236	1.984857693302322	2.165910910434422	2.1816027358132173	0.3843013124637735	0.28768220678520445	0.049500297015485306	0.31315632757598094	0.3697568353929582	0.15460210103204686	0.18879190285633124	0.6244766973038398	2.15300893000805	1.2256466115232936	1.9629807341184167	2.0082264533534975	1.9823502736872545	1.696301673709981	1.7363580197472703	1.8434525957835397	1.360918536714723	0.10992513258253932	0.41164903222825366	0.3765707209998795	0.0985071338198519	0.09621883103652779	0.4494257371862897	0.5202483030200347	0.25163881598225224	2.0780654402835546	2.1298299800677967	2.2013535496445593	2.2168406660023825	1.7272119377636657	2.0481104608201774	1.8655116147705093	2.0016128411818097	0.5394343167214164	0.04617011802947488	0.44385800761309285	0.1327237629945076	0.32433474752616953	0.23832187689138304	0.26635551385973144	0.5592176839323991
ZAM1_s13_OZA	2.440406586087348	2.2599914173048843	2.270718347689679	2.5257937960941104	2.4360304612001205	2.5881798961388984	2.3442707613181657	2.273828407528345	2.3727637147139267	2.252602200442063	0.333721579681119	0.2918908716353587	0.0	0.40227561726574457	0.35281012133400474	0.14243627679011037	0.6907180736580051	0.409262634480793	2.34786857716022	2.273886409394814	2.438700776112112	2.3946721847922694	2.653682962158535	2.4935522598063615	2.2853993379016653	2.230144390431422	2.4063919083467913	2.4291995514990945	0.6658661190965979	0.08915648691137443	0.30368341019962297	0.5013010007611588	0.6520195007376537	0.20427751155505708	0.10310481049980054	0.4149406048214264	2.3955766970609105	1.4942496536079868	2.2097470138015307	2.2599326289299286	2.236967461365997	1.9377314758493096	1.9825829377811246	2.0851348961863185	1.634006576561782	0.3997759781207519	0.18617899578079472	0.13748234046644833	0.23042262423123439	0.3495519647987157	0.5134366301374053	0.7841199202714693	0.5376448879442632	2.312210223837083	2.356766936786325	2.456379965949083	2.463523577959667	1.950611119644303	2.2920665879782556	2.118286492427766	2.2555307456199243	0.7959833436549261	0.28990982327333537	0.7084031817446053	0.3870623975174775	0.5239315549568302	0.18890314339846423	0.5278303587463229	0.37978813253188703
ZAM1_s14_OZA	2.5744744925767686	2.3792447925113662	2.38698899000278	2.6416694878562073	2.5839518512110127	2.7129035382649027	2.4951675745958815	2.4048585797568243	2.500079970964546	2.4074262498994545	0.6350855181108273	0.6485703564670433	0.40227561726574457	0.0	0.709848257713979	0.2655514562158112	1.0028618931104032	0.7097450478215164	2.4926974099730925	2.409563542104256	2.616095452140607	2.5481269812337155	2.7839424451721344	2.630482063858158	2.412971556863841	2.378686820956727	2.5414784990065504	2.5792801181913894	0.9598144201579275	0.3647307460008269	0.6370608328985352	0.7061121575283363	0.9487114739115571	0.5027866125945084	0.48301435854140967	0.10378182023125965	2.5352793204861483	1.7143707330924212	2.3618826238812303	2.4220814734269007	2.4061853649401903	2.0846821959010255	2.138433693945225	2.229064123499987	1.8619416248493053	0.7386630497670731	0.23707799527425769	0.2766918133181883	0.6185318285048381	0.728845425108917	0.5766704544370144	1.0329267842475243	0.8532355362470329	2.4359357075384422	2.4652886472796776	2.6230038353734746	2.6110363635344567	2.061908826095778	2.4365833853733663	2.2855197335439748	2.4228066896020395	1.030982264327279	0.6640570458883096	0.9661498774489939	0.6899164219124932	0.7336361453042916	0.4236998478387922	0.8061595406540238	0.17469709869168154
ZAM1_s15_OZA	2.160790861003592	1.9921813870906075	2.0047063382841284	2.256669817530054	2.1480189325316754	2.312755059496884	2.0554856735653857	1.9982164473371715	2.0982038903990192	1.962540637735433	0.1268100822031431	0.06235100127686472	0.35281012133400474	0.709848257713979	0.0	0.4528930528995252	0.34617773563515275	0.13195498662423302	2.0627120550178026	1.9953318003210625	2.13378521024843	2.1038068140743382	2.3741657137406995	2.211581631665903	2.0118361973226566	1.9441755849035223	2.1265400129433987	2.1399713873764856	0.33428472021622935	0.34989984330477353	0.08255719584874689	0.31034571524925314	0.3194520379233173	0.21162511067863346	0.24988702873835678	0.6833180461582321	2.1129997824708475	1.1779341803358612	1.9218494246162647	1.9654351242827808	1.9386197046983868	1.6572708073946218	1.6957101883430634	1.8041069948234771	1.3111830545761856	0.06086260958765255	0.4731456294756966	0.4386966187845098	0.1424729719531836	0.07031042211244555	0.47311491565393804	0.4782247801918837	0.2004079066166331	2.040748885488196	2.0946192107213966	2.157285420057386	2.175467759156238	1.6937156455172862	2.007778390911028	1.8225264289430667	1.958096046468707	0.5004988382240195	0.07323256060031595	0.402699512759751	0.12175407678883253	0.3163853397874397	0.2953857037740701	0.23279940240378943	0.6160960937939284
ZAM1_s17_OZA	2.4493418208969557	2.2627130006134357	2.2723392020609845	2.528008041944323	2.450323018358792	2.5939161111050404	2.3594740434765837	2.28110661383346	2.378914289975334	2.2690775108377825	0.3970195622773979	0.39066882901883265	0.14243627679011037	0.2655514562158112	0.4528930528995252	0.0	0.7682792288440771	0.4748060226569338	2.360712783338904	2.2829580709487516	2.4646467496483644	2.4110175969181675	2.661691560028745	2.503731992098267	2.2913843067069224	2.2440845342064013	2.415626116374424	2.444316792755003	0.7333588171731049	0.10299321413255266	0.3865744022462176	0.5189693557548792	0.7207579659490041	0.2576287039770406	0.21762358417589966	0.27256386033247626	2.4065650136469445	1.5344435410016501	2.225031798456004	2.2793222042607755	2.25909897489748	1.9499885209195273	1.9985335494102	2.096780121795795	1.6782607633513125	0.48862462349785585	0.04850909447665819	0.016647026143655087	0.35330542695973405	0.46574274420957323	0.46847931630921047	0.8307390000609607	0.6149520255389019	2.3168046368148394	2.3557234961875317	2.4780780567309058	2.477729019820333	1.9491328523275684	2.3046251944314053	2.1392524172297853	2.276943334907183	0.8362267701923984	0.4016414417137934	0.7581096647193843	0.4532958542263241	0.5449749871388782	0.19396193409353094	0.5842757641897074	0.24266570729031345
ZAM1_s18_OZA	1.846263005596338	1.68841441478381	1.7023335552280254	1.9497941779125398	1.8272155729309065	2.0005867759038996	1.7345999187113044	1.6879734056675815	1.7880628014109445	1.6412356210090642	0.37155280382388806	0.40193233486137	0.6907180736580051	1.0028618931104032	0.34617773563515275	0.7682792288440771	0.0	0.29441592359934543	1.7445195649979608	1.682743675800067	1.8013774370440758	1.7811340216680565	2.0585627931350037	1.8949612970419276	1.7031499902787872	1.6261130380757398	1.8120386257095562	1.8183143474094388	0.06584623568343545	0.6687511344580485	0.38772602888064356	0.35089300494036973	0.06690287006710734	0.5106524140797479	0.5882496289098191	0.9528423298886318	1.7964783902678592	0.842795169752392	1.6024477320066437	1.640832235418112	1.6113926843501396	1.34619897939696	1.378898058569046	1.491081826223426	0.9708921613852324	0.29209730099871223	0.7765348566172401	0.7523781002199724	0.4879854057391757	0.3822866670325215	0.571687539180311	0.2012336967338363	0.15386400755173094	1.7335480159167178	1.7946900519356732	1.8286057758869998	1.8544944775388308	1.4030757033164414	1.6905948209051462	1.4978174481993143	1.6314198362937937	0.23872919491837927	0.41849764693465746	0.1600010564882392	0.3153853780756045	0.32944672227854405	0.581815877172701	0.2044899194224343	0.8736609928830891
ZAM1_s19_OZA	2.0523064562111526	1.8793310605843554	1.8912911819430793	2.144554376639784	2.042912352933132	2.2028692404696817	1.9506188546706933	1.8880599745371207	1.9877874343046964	1.8581320632733418	0.07796841535329303	0.1505801329863178	0.409262634480793	0.7097450478215164	0.13195498662423302	0.4748060226569338	0.29441592359934543	0.0	1.9563192852358218	1.8862594907209853	2.0368803233605903	1.9999038856754103	2.265846096146204	2.1040596706556034	1.9009642193572798	1.8379849130237418	2.01810977566476	2.0353821126769565	0.2593955141923232	0.37694588533208195	0.11272965495180519	0.18058610326164456	0.24636288695772715	0.2176758877130188	0.31093951902086375	0.6646884596430696	2.0056173519027554	1.087178207029949	1.816449474987277	1.8630583107112038	1.8380880299742455	1.5484437727257416	1.5895638621934998	1.6957319847662853	1.2255433360463592	0.08613995552007256	0.4821191666347653	0.4587308721169721	0.24894704057793732	0.20186392733669797	0.3658489452218439	0.3775941211950493	0.14356702454816672	1.9291817019364608	1.980112669754901	2.0573299980676882	2.0704064970769767	1.5770767595733128	1.9009686217012955	1.720591992429322	1.8571300998008107	0.3934799906154017	0.1899913698890189	0.3011901770141972	0.022219456487478424	0.18474877789611951	0.28748624357659264	0.12019695227808387	0.5884445119678428
ZAM1_s20_YZS	0.11213006143300491	0.18871994452959706	0.20036284229549522	0.25109009689042644	0.09223781617528747	0.26712617997860344	0.039237274290642096	0.11889494073225762	0.11345714492342668	0.11062289765297421	2.0232101278536194	2.103299610714045	2.34786857716022	2.4926974099730925	2.0627120550178026	2.360712783338904	1.7445195649979608	1.9563192852358218	0.0	0.09770728643723954	0.243416482437229	0.07624898009505215	0.3152365142705974	0.15141731457046786	0.12998276012685792	0.11856628632019665	0.08299380536582199	0.09100563317157173	1.7348424921494194	2.2884641093840177	2.0690313884273666	1.848404741372015	1.7497477623162923	2.143615519624508	2.2597265657413095	2.3991958916777723	0.056185214736479666	0.9179723727458824	0.14250524882953014	0.13639762377916825	0.1847882396076388	0.4107519609840877	0.367008359061745	0.26413397088387813	0.8280464444810146	2.0019783265389606	2.3424577449107757	2.3445386483559236	2.200852105517126	2.1148813148108685	1.9181789265595697	1.5844950440989267	1.8660137217473098	0.1411821315879683	0.22984631567644082	0.18853321467123238	0.11866656102609056	0.4585019504778521	0.05616637187290123	0.2596881436090459	0.1653823324969966	1.5638653247876593	2.134583014557547	1.6602886719627263	1.9770925315760863	1.824630248084553	2.175772681810961	1.8373208424959315	2.3188553586789293
ZAM1_s21_YZS	0.1665428959299459	0.10271174026839186	0.11928671884753542	0.27415587491138876	0.18627438910621053	0.31790672690432714	0.1241079408330325	0.028745431813680156	0.1085452734956848	0.11974775052477905	1.9517296331788907	2.0342794079374844	2.273886409394814	2.409563542104256	1.9953318003210625	2.2829580709487516	1.682743675800067	1.8862594907209853	0.09770728643723954	0.0	0.3311305451276972	0.1728777511679023	0.37986921638167187	0.22110169373219704	0.05054601130673658	0.08776059272400918	0.13267484617437544	0.187529975113639	1.6702347529639263	2.212675012651791	1.9988363551297688	1.7733364370365516	1.6850713022881365	2.0698106767748152	2.1873075034598313	2.315135116287814	0.12669678780790308	0.8686171145021487	0.11581184474368232	0.16578963518772427	0.21096851820105741	0.3380636091408568	0.30597075192470496	0.1916867711894486	0.7914828232194044	1.9344960317133193	2.2635734715737885	2.266890109553823	2.1322277215571788	2.0491094751383305	1.8364334837366203	1.5173878134767773	1.800191290643484	0.08078264999365455	0.18209271557056655	0.2835056414952289	0.21056413239494717	0.36394795908085187	0.05961415487832396	0.237952597736131	0.1983909071365238	1.4952625174322693	2.066680796124446	1.5926329785034579	1.9067424613928998	1.7500617991366423	2.0996662186431387	1.7679644955939708	2.2353889341034154
ZAM1_s22_YZS	0.29469137686618513	0.4303082896095822	0.44322740580784326	0.42349460541125333	0.20244395265728662	0.38591957474074073	0.20848815570794996	0.35722669499419435	0.34599429026630696	0.24801383355977327	2.107856184431485	2.1793039422922376	2.438700776112112	2.616095452140607	2.13378521024843	2.4646467496483644	1.8013774370440758	2.0368803233605903	0.243416482437229	0.3311305451276972	0.0	0.17249045315304415	0.38379959679127845	0.2801657064454465	0.3718547748650198	0.2929573713452064	0.29032520225297287	0.18837522796890982	1.8004357390409251	2.3858683921464268	2.149107954009219	1.9465147019366438	1.8153802823349336	2.235129623324197	2.3458078483625924	2.526660923964831	0.2618991817539458	0.9586369986865544	0.29333834954147026	0.21275896625653043	0.21348311718806032	0.5504258906198125	0.4872446017326517	0.42759232075037445	0.8396774940412035	2.0738808899235437	2.4505596499921807	2.4481799972058877	2.2748649999555433	2.180457873217743	2.039440179258933	1.6596991497344222	1.9339525137642395	0.38448598213394913	0.4670487182913222	0.07600530610844371	0.20578535731675238	0.6562085102845885	0.27246029408604266	0.33305181166664527	0.2005128880807695	1.644023523220125	2.206759200440769	1.7362335299798992	2.058418207870903	1.921264862346403	2.274973140449675	1.9167137442649156	2.444342485893535
ZAM1_s23_YZS	0.1333949348237658	0.2645252382737164	0.2753589811309817	0.2746276505529978	0.05349517914109852	0.264949429184442	0.05448266913691153	0.19509882303037682	0.1736642235913124	0.14208660699508655	2.0680001667402474	2.1458102697297425	2.3946721847922694	2.5481269812337155	2.1038068140743382	2.4110175969181675	1.7811340216680565	1.9999038856754103	0.07624898009505215	0.1728777511679023	0.17249045315304415	0.0	0.2950151859525344	0.14329375135966527	0.20587207584448475	0.17041883320825893	0.12093030041684728	0.03989727642749279	1.773914965932099	2.336976487048232	2.112623839999403	1.8966218534122479	1.7888576679812336	2.190407223800046	2.305164128586223	2.4555898916062513	0.09077464476082782	0.9469402345551804	0.18634703420668755	0.14245684696146588	0.18184618990685433	0.4634447858760409	0.41254772927625033	0.32077292505761906	0.8475474953715715	2.043226533002516	2.393842086187285	2.3947531612352186	2.2429216827152905	2.1545056481731986	1.9725834921421366	1.6259791918372823	1.9059623721398729	0.21416982354342742	0.29461798911367654	0.11257391370588538	0.07716079382150653	0.5281767435060609	0.1219588980189289	0.2840195447482018	0.16029218343517065	1.6066895526632503	2.176070064843136	1.7021284317418532	2.020914620764826	1.872417002076182	2.224658777973912	1.8804152469640556	2.3746949957501067
ZAM1_s24_YZS	0.21354304267545426	0.4068243948073227	0.40174499415894904	0.1680656092582769	0.24241818645469296	0.07874526636312233	0.33113813466596276	0.38058845131995706	0.28386482673398683	0.4230938518305927	2.331533886097922	2.413639657706314	2.653682962158535	2.7839424451721344	2.3741657137406995	2.661691560028745	2.0585627931350037	2.265846096146204	0.3152365142705974	0.37986921638167187	0.38379959679127845	0.2950151859525344	0.0	0.1639018896331734	0.371110809063483	0.4329015496536608	0.24773847453236633	0.25511793449781933	2.0477567559495404	2.59213852259998	2.378459585975364	2.153016329400805	2.0626329664017717	2.4496338074273396	2.5671741626353555	2.688405212609354	0.2621244934736615	1.2330596289000073	0.45772251581943174	0.4354146026516379	0.4768232883226614	0.7174029042866413	0.6797422283055192	0.5701880155232495	1.1398745562811172	2.3133585046159686	2.6417151620274155	2.645676107157684	2.5114887398971586	2.427280864329367	2.21263404145368	1.8960275294787108	2.1783437774871017	0.34844015613026624	0.3409509559302123	0.31230995090820973	0.21799762288330465	0.7242190869568327	0.3681014278569348	0.5721109556703452	0.45527417709977486	1.8744199115327498	2.445708340923324	1.9714967357335258	2.2863860965189224	2.1298219480817897	2.479056915774187	2.147378815750839	2.609475121534573
ZAM1_s25_YZS	0.05798132000000273	0.26810497146682644	0.2686171054172917	0.1434659814044883	0.09058992943308324	0.12192614315771909	0.1700821784074133	0.22656559339399968	0.1409229183304936	0.2602566103558001	2.1702685122416434	2.251522153136858	2.4935522598063615	2.630482063858158	2.211581631665903	2.503731992098267	1.8949612970419276	2.1040596706556034	0.15141731457046786	0.22110169373219704	0.2801657064454465	0.14329375135966527	0.1639018896331734	0.0	0.22185461779196344	0.2690399921029964	0.08917794625438025	0.10586408408370336	1.884571500441384	2.4329533836765456	2.216725671672257	1.9933391703240693	1.8994596233074001	2.2893875426321286	2.406314451752542	2.5358642923930708	0.09860311720209608	1.0693805764234439	0.29385268311513285	0.27651740905779854	0.3208195967559512	0.5560058110617685	0.5163758466669249	0.4085628883083141	0.9780434401727214	2.150800945915035	2.4845337685842472	2.487641894236231	2.3492530898729913	2.2643149828856277	2.0575204856558256	1.7333761542061348	2.015393849357374	0.2070062697003215	0.23850424105752993	0.20448230057052982	0.0758493827579886	0.5780395290485217	0.2043671393944478	0.40964104671322327	0.2995252806403302	1.7121625038009158	2.283264288871094	1.8089832994261341	2.124700749231565	1.9698861052999856	2.3200283037896914	1.9853569176685546	2.4562554720314043
ZAM1_s26_YZS	0.16406036115713174	0.05874348800411225	0.07188804996937699	0.24696633564555864	0.20759606011726736	0.3028154059068047	0.16340646431695602	0.023452554618099017	0.08752999356167376	0.17029012155986217	1.965346862953204	2.0496181200026236	2.2853993379016653	2.412971556863841	2.0118361973226566	2.2913843067069224	1.7031499902787872	1.9009642193572798	0.12998276012685792	0.05054601130673658	0.3718547748650198	0.20587207584448475	0.371110809063483	0.22185461779196344	0.0	0.13667267035135694	0.13389585520977165	0.21232365266667197	1.6888584581074018	2.222779260535602	2.0133607399819433	1.7843280430085207	1.7036357040504246	2.081581018914999	2.2000696745718824	2.3176453993268806	0.13968596272973158	0.8974121190695521	0.163703353486066	0.21614847226517606	0.26151436960466046	0.3570684808197905	0.33351833553481525	0.21588604693366092	0.8263055763823655	1.9509745020041254	2.2710296584074485	2.275415340987533	2.147781691874948	2.0666606101937868	1.8415313858405313	1.5345164551958639	1.817896869866764	0.03446999337295934	0.13319581682325513	0.31839944239823104	0.22839840625882588	0.35634171005047666	0.10653336221692034	0.2826334848545738	0.24879892077890398	1.5113854778951228	2.08277831164928	1.609300371129924	1.9212216919044636	1.7614728600432172	2.109576831395707	1.7832707848289828	2.238544825142485
ZAM1_s27_YZS	0.22360834094510462	0.17910465905696965	0.1982744874276864	0.3499803938090027	0.20623895133051007	0.38039406133723147	0.1166194872931734	0.11330335559066844	0.18771874192509502	0.04673499267627324	1.9050543752380495	1.984857693302322	2.230144390431422	2.378686820956727	1.9441755849035223	2.2440845342064013	1.6261130380757398	1.8379849130237418	0.11856628632019665	0.08776059272400918	0.2929573713452064	0.17041883320825893	0.4329015496536608	0.2690399921029964	0.13667267035135694	0.0	0.19024818181375117	0.20067522553492873	1.616286440388913	2.1712077457799537	1.950703800610439	1.7310215928184394	1.631190549600212	2.0258752341418313	2.141700801761667	2.2858289819538093	0.1709725775086688	0.8016114891165392	0.028917989123128485	0.09269943957461717	0.13047230968817994	0.2944658237191468	0.24850669001706652	0.1503629626872687	0.7163660871739281	1.8834474958548038	2.2262713314672244	2.227874589883179	2.0823769465089663	1.996315068291825	1.803497900325818	1.4659634855834063	1.7474477444577263	0.16846785011468823	0.2695490398091888	0.2638839279055073	0.2336594458871954	0.36580747675822906	0.06512210550638145	0.15334384986522612	0.12255806765173126	1.4454254496216443	2.0160676071441523	1.5417791889843058	1.858789653348025	1.7071210012305795	2.0586267169338717	1.7189239068454085	2.2051047275035436
ZAM1_s28_YZS	0.03426238756682202	0.1839464964200951	0.18746296375257648	0.16812035687872814	0.09228019398739142	0.19031127291009556	0.11632858459712865	0.13743634071841454	0.06269446080671645	0.19176766945551027	2.0838637741505277	2.165910910434422	2.4063919083467913	2.5414784990065504	2.1265400129433987	2.415626116374424	1.8120386257095562	2.01810977566476	0.08299380536582199	0.13267484617437544	0.29032520225297287	0.12093030041684728	0.24773847453236633	0.08917794625438025	0.13389585520977165	0.19024818181375117	0.0	0.10372922150289668	1.8005471101631896	2.3453165129000335	2.1307263232824734	1.9059206455227653	1.8154095794599165	2.202288891511281	2.319610824457428	2.4467797824677557	0.03132503341393841	0.9914554180582142	0.21735421342009792	0.21933412490910636	0.2675256939012659	0.469666002999636	0.43326591070302806	0.3224714128269363	0.9060076015198413	2.0657245444917605	2.3961920104755685	2.399560425813778	2.26377353077815	2.1798568133921084	1.968715999953492	1.6484427596761764	1.930917934186059	0.12351614243497859	0.18056581456601276	0.22193660257398162	0.10422374884905662	0.48937490784920484	0.1254625391536944	0.33904490598781767	0.2477688537423518	1.6267159363673123	2.1980369724057014	1.7238559840087873	2.0386557704600645	1.8826023174856445	2.2323195618550566	1.8996442381579322	2.367224858210078
ZAM1_s29_YZS	0.1066250235141518	0.2696160023834964	0.277838789988938	0.24258876805428528	0.015586973372447377	0.22662555676951576	0.08493538429892925	0.20569478295846186	0.16366425479465577	0.17743301589597874	2.1031316273479637	2.1816027358132173	2.4291995514990945	2.5792801181913894	2.1399713873764856	2.444316792755003	1.8183143474094388	2.0353821126769565	0.09100563317157173	0.187529975113639	0.18837522796890982	0.03989727642749279	0.25511793449781933	0.10586408408370336	0.21232365266667197	0.20067522553492873	0.10372922150289668	0.0	1.8105435698490504	2.3709217592221146	2.14811071589135	1.9306297570837783	1.8254792771714183	2.22492263655332	2.340118665025454	2.4862770138057355	0.07894759272015422	0.9853166069803663	0.21948785342250215	0.1816802522066911	0.22173148598926817	0.49511045894393013	0.44661878899940183	0.35035779946434026	0.8869709399299476	2.0793457700754385	2.4267240211883307	2.428085220588979	2.27884182053548	2.1910417399340996	2.0041644337817055	1.6619860518741871	1.9423953932648799	0.21421630704319616	0.28386728797334393	0.1182397679971433	0.03738115807690381	0.5495074086596109	0.1449122247361457	0.32223752973792286	0.2001783930168598	1.6423318629629393	2.212139105954461	1.7380525149424608	2.056326711173532	1.9065695903326005	2.258463523438397	1.9160192953235176	2.405644627841962
ZAM1_s30_OZS	1.8348072148058514	1.6719769770663022	1.6853304753119995	1.9349022612849942	1.818979312263175	1.9881040235784055	1.726356894695663	1.67437419389057	1.774499529798989	1.633167227666316	0.3373211609487202	0.3843013124637735	0.6658661190965979	0.9598144201579275	0.33428472021622935	0.7333588171731049	0.06584623568343545	0.2593955141923232	1.7348424921494194	1.6702347529639263	1.8004357390409251	1.773914965932099	2.0477567559495404	1.884571500441384	1.6888584581074018	1.616286440388913	1.8005471101631896	1.8105435698490504	0.0	0.636295909901107	0.36261582761566125	0.29053643369708776	0.01496051295308687	0.4769210104918285	0.5650099797150333	0.9053102683731612	1.7859781095817227	0.8437691381546379	1.593313224579124	1.6346641309612568	1.606830550684372	1.3326238114961235	1.3682036007496474	1.4786071827011174	0.9771287134822809	0.27561499966580505	0.7381276117555805	0.7171329701127802	0.47647055253423193	0.3807201984244896	0.5096482842022046	0.16173799493993715	0.1338797467336983	1.718625301002567	1.776787784804679	1.825072024794034	1.846365429219452	1.381123814821177	1.6803596784065273	1.4916295516366869	1.6265180257438538	0.19511540003968192	0.40750883368940016	0.10374546003893897	0.2813936485658356	0.26777463555824504	0.5430706718463052	0.15398081753890136	0.8247268076786055
ZAM1_s31_OZS	2.3792071470501064	2.195898839422671	2.2061465735866874	2.461593772354871	2.3773576666813607	2.5255754346705808	2.2859974744996796	2.2117913546992765	2.3102590426562455	2.1949044899579273	0.2989863496955633	0.28768220678520445	0.08915648691137443	0.3647307460008269	0.34989984330477353	0.10299321413255266	0.6687511344580485	0.37694588533208195	2.2884641093840177	2.212675012651791	2.3858683921464268	2.336976487048232	2.59213852259998	2.4329533836765456	2.222779260535602	2.1712077457799537	2.3453165129000335	2.3709217592221146	0.636295909901107	0.0	0.28454460080201893	0.4403745318241839	0.6233071070564259	0.15944509353067163	0.12147424472800769	0.35711828887698105	2.335315576195923	1.4486306943102305	2.151448556533198	2.203677155269695	2.182081279515574	1.8778228014336242	1.9244790150870157	2.0250277889295223	1.5908875524760877	0.3863429634176359	0.12918288686216683	0.08912241165200278	0.25499359132832966	0.3642494412465922	0.429425195299855	0.741036451270426	0.5150296734876675	2.248976249016688	2.2910795246605	2.401371879486413	2.4048203150640433	1.884517694482818	2.232500359163796	2.062748673364309	2.2002891083593887	0.7491049640878222	0.29969262851129685	0.6669733044766273	0.3550726450461821	0.46493708924815874	0.11342774625751786	0.4899190044047174	0.3094614892230247
ZAM1_s32_OZS	2.164917721158672	1.991440542116858	2.0032969170264128	2.256756386678646	2.155641736255029	2.315353385384538	2.063348351014987	2.0005379035143593	2.100229576217436	1.9708578062000173	0.06028396219334266	0.049500297015485306	0.30368341019962297	0.6370608328985352	0.08255719584874689	0.3865744022462176	0.38772602888064356	0.11272965495180519	2.0690313884273666	1.9988363551297688	2.149107954009219	2.112623839999403	2.378459585975364	2.216725671672257	2.0133607399819433	1.950703800610439	2.1307263232824734	2.14811071589135	0.36261582761566125	0.28454460080201893	0.0	0.26510024649934194	0.34860570157912874	0.1345510873563753	0.20239601758837697	0.6054812641692973	2.1182931975329726	1.1981682243831964	1.9291784126051255	1.9757265549234833	1.950646623268918	1.6610621265255088	1.7022877999004031	1.8083691582026236	1.3354565584888045	0.10220157138639582	0.40201308441727623	0.37145207005249226	0.14102308237230207	0.13836184187685127	0.40163549850747077	0.489483337344954	0.23417895482168152	2.041485208667133	2.091880726983968	2.1698594141073047	2.183135953780731	1.6883772160269204	2.0136699002146776	1.8332316650792961	1.9697199649393622	0.5061152447236468	0.09565426981608427	0.41296742999688535	0.09214162351195646	0.2774551597087994	0.21696354742437574	0.23251628109397904	0.5362614373979651
ZAM1_s33_OZS	1.9398784258881214	1.758694235597109	1.7694228709543762	2.0244959836419083	1.9371317300099666	2.0871338070842693	1.845700652719919	1.7729370599060599	1.871731047841686	1.7545461385170216	0.20565255461381154	0.31315632757598094	0.5013010007611588	0.7061121575283363	0.31034571524925314	0.5189693557548792	0.35089300494036973	0.18058610326164456	1.848404741372015	1.7733364370365516	1.9465147019366438	1.8966218534122479	2.153016329400805	1.9933391703240693	1.7843280430085207	1.7310215928184394	1.9059206455227653	1.9306297570837783	0.29053643369708776	0.4403745318241839	0.26510024649934194	0.0	0.284875822309933	0.2984387394612467	0.42095168557701385	0.63807974071128	1.8955509311993455	1.0173254273357932	1.7111480085085273	1.7633533707875317	1.7420186000292301	1.4378767447748335	1.4841429044140688	1.5851712727200757	1.16263058184751	0.2661717164792903	0.5089699343156193	0.502402046359366	0.40469943054176005	0.3806549276163482	0.22193123610298204	0.3276377327772399	0.25038153718249023	1.8110052728769535	1.855616035574077	1.9612467673175873	1.964601918445094	1.4496356083235675	1.7924834231811142	1.6225506583348055	1.760135972739923	0.32499805321035874	0.35798004025577207	0.2654556283316247	0.18862077537793584	0.02753686337614417	0.32854949037465864	0.15715877357797006	0.5544985060517668
ZAM1_s34_OZS	1.8496700393362981	1.6866682165454803	1.699995556695113	1.9496508312657224	1.8339084379064534	2.002935213265749	1.7412868555207186	1.6891760657871369	1.7893001921662532	1.648100672197664	0.32432905408466073	0.3697568353929582	0.6520195007376537	0.9487114739115571	0.3194520379233173	0.7207579659490041	0.06690287006710734	0.24636288695772715	1.7497477623162923	1.6850713022881365	1.8153802823349336	1.7888576679812336	2.0626329664017717	1.8994596233074001	1.7036357040504246	1.631190549600212	1.8154095794599165	1.8254792771714183	0.01496051295308687	0.6233071070564259	0.34860570157912874	0.284875822309933	0.0	0.464012431205471	0.5509758063430651	0.8952157721637078	1.8008651548222727	0.8586616137598754	1.6082305945748654	1.6496173558217038	1.6217907511549454	1.347437249895633	1.383094518709395	1.4934495999576771	0.9918746015417337	0.26091337955844324	0.7260873280457427	0.7045750620638617	0.4616846453964876	0.36576288085913033	0.5051373478641743	0.17535207396932034	0.11904587710400051	1.7333780394468528	1.7914062578521488	1.8400322014198223	1.86129586740573	1.3955277793442427	1.6952542706159033	1.5065835143301	1.6414774853704692	0.20793350869020738	0.3926811253139675	0.11433296884128887	0.2682664875951941	0.2629287070017887	0.5309954725255135	0.14383173714757794	0.8149747134777017
ZAM1_s36_OZS	2.2363186203144148	2.0565690411287156	2.0674504408529084	2.3223674481974594	2.231754273880363	2.3843299791033457	2.1399936408170577	2.069890860956127	2.1689113081093403	2.0483351834333483	0.1397171743412701	0.15460210103204686	0.20427751155505708	0.5027866125945084	0.21162511067863346	0.2576287039770406	0.5106524140797479	0.2176758877130188	2.143615519624508	2.0698106767748152	2.235129623324197	2.190407223800046	2.4496338074273396	2.2893875426321286	2.081581018914999	2.0258752341418313	2.202288891511281	2.22492263655332	0.4769210104918285	0.15944509353067163	0.1345510873563753	0.2984387394612467	0.464012431205471	0.0	0.12564656995595858	0.47183470754954293	2.191382388400103	1.2932102232650953	2.0054695446256123	2.0557594525967247	2.03296777313203	1.733527144352631	1.778305746785667	1.8809402970369244	1.4343683853190994	0.23587703008603395	0.2688689020949334	0.2417772555567579	0.17604151259539014	0.24766820500953343	0.3528080386050289	0.5839916211490418	0.3573769934585071	2.108536334018528	2.153901870734558	2.252374526534329	2.2592476237040464	1.7480235367867725	2.087823566551898	1.9141866034256194	2.0514790577210875	0.593903060597278	0.18483378114879	0.509202084638359	0.19593727983813802	0.32025865072594734	0.08387942698244412	0.33089801388129136	0.404854012679013
ZAM1_s37_OZS	2.3537125000324015	2.176069214622391	2.1872577514096494	2.4418004132146036	2.347254071477516	2.5026508304589434	2.2552342646374814	2.1879782358786706	2.2872701752284876	2.1631790237385737	0.23795517192213536	0.18879190285633124	0.10310481049980054	0.48301435854140967	0.24988702873835678	0.21762358417589966	0.5882496289098191	0.31093951902086375	2.2597265657413095	2.1873075034598313	2.3458078483625924	2.305164128586223	2.5671741626353555	2.406314451752542	2.2000696745718824	2.141700801761667	2.319610824457428	2.340118665025454	0.5650099797150333	0.12147424472800769	0.20239601758837697	0.42095168557701385	0.5509758063430651	0.12564656995595858	0.0	0.4785689527599598	2.3081109314643338	1.3979746038093062	2.1208138858515286	2.1694375124753047	2.1455249855272376	1.850308674626408	1.8936667965564946	1.9977525196884136	1.5364555773483588	0.29686734757837224	0.250035080032518	0.20648342036145143	0.1357346326179671	0.25096273676321085	0.47073690425057474	0.6879884889649293	0.4355843313850118	2.227431248565886	2.274371132153624	2.3649048451231063	2.3747562976209493	1.8689905360632142	2.204090619548331	2.02736988290166	2.1643221390005216	0.7018295949883239	0.18902582665770556	0.6117891631579968	0.2889141663907899	0.44127534061825857	0.15299288010348575	0.4306999089314821	0.42856277378908314
ZAM1_s38_OZS	2.47961564511233	2.2831028946553444	2.29053570687479	2.544839204038409	2.490679399456711	2.616871430134682	2.4023982515897604	2.309920246107599	2.4045957326446596	2.3153019194021645	0.5940767574100335	0.6244766973038398	0.4149406048214264	0.10378182023125965	0.6833180461582321	0.27256386033247626	0.9528423298886318	0.6646884596430696	2.3991958916777723	2.315135116287814	2.526660923964831	2.4555898916062513	2.688405212609354	2.5358642923930708	2.3176453993268806	2.2858289819538093	2.4467797824677557	2.4862770138057355	0.9053102683731612	0.35711828887698105	0.6054812641692973	0.63807974071128	0.8952157721637078	0.47183470754954293	0.4785689527599598	0.0	2.4411121503189164	1.6346838379770967	2.26950241135668	2.3308831652164272	2.3159768986939593	1.9922454051777114	2.0470044231438975	2.1359331361312166	1.7830834837401415	0.7043643995132659	0.23062891756496684	0.2782928535443597	0.6101683538147339	0.7117931032248702	0.48906004345372917	0.9656131236826538	0.8076605027492882	2.34016795649563	2.3679794051881475	2.5320586607555553	2.51767456265202	1.96552735702709	2.343136851909282	2.1952850354783586	2.332298651007782	0.960633149149849	0.6465986168885278	0.9021773934452223	0.6464365538363445	0.6655198233458638	0.38853783907894685	0.7514440289618213	0.08459822474447848
ZAM1_s39_YZA	0.05608937208406984	0.19460566669468532	0.20107940332182367	0.1972778903524418	0.0704015429235248	0.21120755428945848	0.08607999568366986	0.13790340654216612	0.08509824131938981	0.16677578791676093	2.0719560159548736	2.15300893000805	2.3955766970609105	2.5352793204861483	2.1129997824708475	2.4065650136469445	1.7964783902678592	2.0056173519027554	0.056185214736479666	0.12669678780790308	0.2618991817539458	0.09077464476082782	0.2621244934736615	0.09860311720209608	0.13968596272973158	0.1709725775086688	0.03132503341393841	0.07894759272015422	1.7859781095817227	2.335315576195923	2.1182931975329726	1.8955509311993455	1.8008651548222727	2.191382388400103	2.3081109314643338	2.4411121503189164	0.0	0.9722910443290563	0.19661274255961347	0.19097111483646645	0.2386022968784339	0.45786510622508253	0.4177933609286136	0.3104422544368527	0.883794481553827	2.052222269521669	2.3876889206874132	2.3904461725211386	2.25071812009861	2.165711877571053	1.9616519594989017	1.6347901764048094	1.9167907763950862	0.13686491134033357	0.20598279692556576	0.19575268864974793	0.08883788242658942	0.4895968634566232	0.1060065347429725	0.3156285624153921	0.21845773968380308	1.6136317229171881	2.1846986521249727	1.7104122892680869	2.0262815517216684	1.872006569428185	2.22245670211912	1.8868660457985618	2.3611953868359032
ZAM1_s40_YZA	1.0251148764741485	0.8952217734233947	0.9121758148766737	1.1423274557277214	0.9954300867406299	1.181766681271672	0.9035364717691363	0.8790241318386809	0.9769152315611035	0.8105008014560765	1.1608066242868165	1.2256466115232936	1.4942496536079868	1.7143707330924212	1.1779341803358612	1.5344435410016501	0.842795169752392	1.087178207029949	0.9179723727458824	0.8686171145021487	0.9586369986865544	0.9469402345551804	1.2330596289000073	1.0693805764234439	0.8974121190695521	0.8016114891165392	0.9914554180582142	0.9853166069803663	0.8437691381546379	1.4486306943102305	1.1981682243831964	1.0173254273357932	0.8586616137598754	1.2932102232650953	1.3979746038093062	1.6346838379770967	0.9722910443290563	0.0	0.775726571516222	0.8049493576178599	0.7723739704420005	0.5495772917753815	0.5639312879514864	0.6816091187103692	0.14958168062878457	1.1186344756924604	1.5262732385322733	1.5178029083174984	1.3197912533062852	1.2227095505222618	1.1487738517736887	0.7101841433508108	0.9776083360518762	0.9304424442351291	1.0073318359728258	0.9875659752252932	1.0222319975632779	0.6690261580757738	0.8667305862388622	0.6630795617624246	0.7929300120892364	0.6995649418596124	1.2511131859222226	0.7862055053100439	1.1091129289019406	0.9905984890814061	1.3412464234578698	0.9672751525148116	1.5502242192206042
ZAM1_s41_YZA	0.2502977967480013	0.20273315264249375	0.2223740831807085	0.3784766076632961	0.22647943191718095	0.4070681735633673	0.13455411095354272	0.140251676005641	0.21660731545718862	0.04737572398718157	1.883932515203951	1.9629807341184167	2.2097470138015307	2.3618826238812303	1.9218494246162647	2.225031798456004	1.6024477320066437	1.816449474987277	0.14250524882953014	0.11581184474368232	0.29333834954147026	0.18634703420668755	0.45772251581943174	0.29385268311513285	0.163703353486066	0.028917989123128485	0.21735421342009792	0.21948785342250215	1.593313224579124	2.151448556533198	1.9291784126051255	1.7111480085085273	1.6082305945748654	2.0054695446256123	2.1208138858515286	2.26950241135668	0.19661274255961347	0.775726571516222	0.0	0.08351018488881919	0.11251616472347127	0.277257313761286	0.2271749960454013	0.13804658366545264	0.6887192274666588	1.8611633036562378	2.2076643580011326	2.208785626087959	2.0603661424399866	1.9735506253865374	1.7862624308493298	1.4437044273715667	1.7247524500457871	0.1961950627857493	0.2968690964768674	0.271584036990737	0.25397971422661736	0.3628701689992432	0.09189844685700299	0.12447746086313201	0.10883946845612115	1.4235994983987554	1.9938690500653826	1.5196442477145238	1.8373351921023828	1.6870817371149731	2.039012478664135	1.6972163050418088	2.188513713644654
ZAM1_s43_YZA	0.24684082790903153	0.2660417987201981	0.2840335365298177	0.3874544809913359	0.19325592520469098	0.3973132733386978	0.10700673542914634	0.19433142854337285	0.24135821584752354	0.04753835893631756	1.9319301921663359	2.0082264533534975	2.2599326289299286	2.4220814734269007	1.9654351242827808	2.2793222042607755	1.640832235418112	1.8630583107112038	0.13639762377916825	0.16578963518772427	0.21275896625653043	0.14245684696146588	0.4354146026516379	0.27651740905779854	0.21614847226517606	0.09269943957461717	0.21933412490910636	0.1816802522066911	1.6346641309612568	2.203677155269695	1.9757265549234833	1.7633533707875317	1.6496173558217038	2.0557594525967247	2.1694375124753047	2.3308831652164272	0.19097111483646645	0.8049493576178599	0.08351018488881919	0.0	0.04897451909457276	0.34270387644513933	0.28397263911567344	0.2148352096003256	0.7053070282885915	1.9049632773676364	2.263231277410581	2.2629797931476623	2.10504060121026	2.015365308546595	1.845713727015272	1.4880803964336353	1.7670769243085673	0.24310300118406167	0.3435436052072663	0.20145270251655018	0.21901900242902544	0.4446657674599508	0.11391170390247425	0.14305685956377734	0.03272284148323296	1.469616836075334	2.0378850149648033	1.5643836183106283	1.8842129832509587	1.7387972465339758	2.0917522052679782	1.7433229828470855	2.2493039919656943
ZAM1_s44_YZA	0.29415333563164336	0.3087159426481852	0.32738837011644106	0.4355795990595307	0.2345792392571455	0.44236041275911253	0.15336298855269256	0.23904613820579532	0.2902645781497477	0.09126130835392915	1.9077639428827862	1.9823502736872545	2.236967461365997	2.4061853649401903	1.9386197046983868	2.25909897489748	1.6113926843501396	1.8380880299742455	0.1847882396076388	0.21096851820105741	0.21348311718806032	0.18184618990685433	0.4768232883226614	0.3208195967559512	0.26151436960466046	0.13047230968817994	0.2675256939012659	0.22173148598926817	1.606830550684372	2.182081279515574	1.950646623268918	1.7420186000292301	1.6217907511549454	2.03296777313203	2.1455249855272376	2.3159768986939593	0.2386022968784339	0.7723739704420005	0.11251616472347127	0.04897451909457276	0.0	0.33754914842697914	0.27376412270972744	0.22480996767921643	0.6676756114866217	1.8783086770293937	2.2439179138493013	2.2426972264915572	2.078775485827001	1.9875215892267202	1.8295462842391141	1.4621069935512543	1.7396794163317255	0.28982722472427924	0.39079558165694395	0.2194136109123873	0.25898817329376883	0.4583411411893478	0.16193583628270608	0.1206919829173822	0.021554376221767053	1.444634804660593	2.0112746251841456	1.5385447074383232	1.8593912617978647	1.7171552333328453	2.070559611897457	1.7181384145375476	2.233957573769684
ZAM1_s45_YZA	0.5038661365144146	0.34737922630543844	0.3635517913578347	0.6039607500289669	0.5005595067221855	0.6556455096449733	0.4106478159982351	0.3418416463178231	0.4419660074092363	0.3232416050001303	1.614324488435399	1.696301673709981	1.9377314758493096	2.0846821959010255	1.6572708073946218	1.9499885209195273	1.34619897939696	1.5484437727257416	0.4107519609840877	0.3380636091408568	0.5504258906198125	0.4634447858760409	0.7174029042866413	0.5560058110617685	0.3570684808197905	0.2944658237191468	0.469666002999636	0.49511045894393013	1.3326238114961235	1.8778228014336242	1.6610621265255088	1.4378767447748335	1.347437249895633	1.733527144352631	1.850308674626408	1.9922454051777114	0.45786510622508253	0.5495772917753815	0.277257313761286	0.34270387644513933	0.33754914842697914	0.0	0.06936276563154833	0.1474450582560264	0.5021005163676381	1.5964338778541713	1.931924949695612	1.9338063226606819	1.7942126941310588	1.7111825459242174	1.5092173771062263	1.1793609714311581	1.4622870026045407	0.38807272130339887	0.45852894376128767	0.5436679041992423	0.5279015156913274	0.18796951728500172	0.3547142021305169	0.22341805925986563	0.3500055422002695	1.1572143817269853	1.7286213543132949	1.2545728093335797	1.568995110990849	1.4142350152803833	1.7650795483571617	1.4300117692785883	1.9112709507006924
ZAM1_s46_YZA	0.46745375714058496	0.3352736357040591	0.3535140075465863	0.5787260041749059	0.4535873373290763	0.6225903806796055	0.3616880595878559	0.3151617403083585	0.41366966748502687	0.2705464417374434	1.656845552572204	1.7363580197472703	1.9825829377811246	2.138433693945225	1.6957101883430634	1.9985335494102	1.378898058569046	1.5895638621934998	0.367008359061745	0.30597075192470496	0.4872446017326517	0.41254772927625033	0.6797422283055192	0.5163758466669249	0.33351833553481525	0.24850669001706652	0.43326591070302806	0.44661878899940183	1.3682036007496474	1.9244790150870157	1.7022877999004031	1.4841429044140688	1.383094518709395	1.778305746785667	1.8936667965564946	2.0470044231438975	0.4177933609286136	0.5639312879514864	0.2271749960454013	0.28397263911567344	0.27376412270972744	0.06936276563154833	0.0	0.11802955908692213	0.4983128462138955	1.6349726341575712	1.9815975337872767	1.9822579729692265	1.8338702612469984	1.748046539656812	1.5622262831092444	1.2174902900324087	1.4991476226091716	0.36673835596471027	0.44812886614143005	0.4853702179986771	0.4810896249299713	0.24478968396029832	0.3121827722963332	0.15642285949894688	0.28780601537000555	1.1969281512349481	1.767575033247507	1.2932819847968033	1.6104005639737298	1.4600106879107666	1.8121242571335787	1.4704505101565708	1.9655178736983479
ZAM1_s47_YZA	0.35670855736874374	0.21833878242456117	0.2371017277354122	0.4620034501375963	0.35490858696334415	0.5095908648497032	0.26691259257983185	0.19829043321505727	0.297761088837366	0.18541897368287716	1.761737149978867	1.8434525957835397	2.0851348961863185	2.229064123499987	1.8041069948234771	2.096780121795795	1.491081826223426	1.6957319847662853	0.26413397088387813	0.1916867711894486	0.42759232075037445	0.32077292505761906	0.5701880155232495	0.4085628883083141	0.21588604693366092	0.1503629626872687	0.3224714128269363	0.35035779946434026	1.4786071827011174	2.0250277889295223	1.8083691582026236	1.5851712727200757	1.4934495999576771	1.8809402970369244	1.9977525196884136	2.1359331361312166	0.3104422544368527	0.6816091187103692	0.13804658366545264	0.2148352096003256	0.22480996767921643	0.1474450582560264	0.11802955908692213	0.0	0.6149758361857268	1.7432857728964264	2.0783703215899245	2.080624914805699	1.941304085051668	1.8576238706906336	1.6542375881770972	1.3260524198725891	1.6086931451533109	0.248845829231172	0.33106237686914436	0.40960002036669785	0.38206250131438557	0.23363347582799948	0.20797621406415154	0.1440303212325714	0.23095899373305842	1.3042445355902816	1.8755745107587627	1.4014149150392656	1.7163164156117372	1.5615859506618857	1.9122273776113048	1.577199438376295	2.0553587547592453
ZAM1_s48_YZA	0.9385851650443822	0.8332315088613681	0.8517080306957773	1.0648265821981282	0.8984374882105952	1.0949914003429404	0.8087835180271596	0.8059013071909503	0.8996983610357167	0.7179099422034123	1.300285744694838	1.360918536714723	1.634006576561782	1.8619416248493053	1.3111830545761856	1.6782607633513125	0.9708921613852324	1.2255433360463592	0.8280464444810146	0.7914828232194044	0.8396774940412035	0.8475474953715715	1.1398745562811172	0.9780434401727214	0.8263055763823655	0.7163660871739281	0.9060076015198413	0.8869709399299476	0.9771287134822809	1.5908875524760877	1.3354565584888045	1.16263058184751	0.9918746015417337	1.4343683853190994	1.5364555773483588	1.7830834837401415	0.883794481553827	0.14958168062878457	0.6887192274666588	0.7053070282885915	0.6676756114866217	0.5021005163676381	0.4983128462138955	0.6149758361857268	0.0	1.2527322361246416	1.6712566994748448	1.6616137687536094	1.453532895945739	1.3528503946093835	1.297808152142421	0.850396092824055	1.110872058244292	0.8604400884038845	0.9460231029607813	0.8757565411002572	0.9243229041775385	0.6535958090272947	0.7806030270897912	0.5684862189593634	0.6889605274321405	0.8421683247833449	1.384407519487924	0.9256794792156067	1.2476244690971308	1.1356968526143358	1.4846600957640401	1.1062294769636065	1.6985741998217394
ZAM1_s49_OZA	2.099974368445712	1.9313343234782965	1.9438723949326897	2.1958102127788828	2.0873606104893976	2.2519063440121707	1.9948382009777796	1.9373608247177527	2.037346035633617	1.9019180423217816	0.11674133027864994	0.10992513258253932	0.3997759781207519	0.7386630497670731	0.06086260958765255	0.48862462349785585	0.29209730099871223	0.08613995552007256	2.0019783265389606	1.9344960317133193	2.0738808899235437	2.043226533002516	2.3133585046159686	2.150800945915035	1.9509745020041254	1.8834474958548038	2.0657245444917605	2.0793457700754385	0.27561499966580505	0.3863429634176359	0.10220157138639582	0.2661717164792903	0.26091337955844324	0.23587703008603395	0.29686734757837224	0.7043643995132659	2.052222269521669	1.1186344756924604	1.8611633036562378	1.9049632773676364	1.8783086770293937	1.5964338778541713	1.6349726341575712	1.7432857728964264	1.2527322361246416	0.0	0.5040890861761808	0.4735801233857935	0.20116322058923028	0.12366049798128177	0.4479309890590699	0.41748401874187735	0.14217944984212638	1.9798867444198132	2.0338212998128875	2.0970482989969117	2.114813395030148	1.633063132105832	1.9470226784037155	1.7620800445621694	1.8977461901953523	0.4396377474069954	0.13296783725002873	0.34187112480587767	0.08512428192288463	0.2684736986641556	0.31672801515023513	0.1731808798083263	0.6328925957012843
ZAM1_s50_OZA	2.4297902782365814	2.2413729524740904	2.250653912453817	2.506323817183353	2.4324628834285145	2.5732745725033634	2.3419713783768366	2.261162554884785	2.3585447447579138	2.2520545882359233	0.40537792336217915	0.41164903222825366	0.18617899578079472	0.23707799527425769	0.4731456294756966	0.04850909447665819	0.7765348566172401	0.4821191666347653	2.3424577449107757	2.2635734715737885	2.4505596499921807	2.393842086187285	2.6417151620274155	2.4845337685842472	2.2710296584074485	2.2262713314672244	2.3961920104755685	2.4267240211883307	0.7381276117555805	0.12918288686216683	0.40201308441727623	0.5089699343156193	0.7260873280457427	0.2688689020949334	0.250035080032518	0.23062891756496684	2.3876889206874132	1.5262732385322733	2.2076643580011326	2.263231277410581	2.2439179138493013	1.931924949695612	1.9815975337872767	2.0783703215899245	1.6712566994748448	0.5040890861761808	0.0	0.048757531818074316	0.3841762857374813	0.49217555419631365	0.43897994301286575	0.8273036355557578	0.6244565732813133	2.2959995049381927	2.333163713303395	2.462585986669465	2.4598219894633964	1.9267964052302697	2.2863231339689594	2.123798209243501	2.261512375970467	0.8305325949661013	0.42723581330442356	0.7562848511345753	0.4612913951288656	0.5356857783649522	0.19509492447854104	0.5866115221598504	0.19504019904159625
ZAM1_s51_OZA	2.4332870911741384	2.2468544370327406	2.256521049885865	2.5121841217338714	2.434113514771782	2.5779721530429325	2.343236469689025	2.2650948385349965	2.3629450597167327	2.2528034777355304	0.3810040254773696	0.3765707209998795	0.13748234046644833	0.2766918133181883	0.4386966187845098	0.016647026143655087	0.7523781002199724	0.4587308721169721	2.3445386483559236	2.266890109553823	2.4481799972058877	2.3947531612352186	2.645676107157684	2.487641894236231	2.275415340987533	2.227874589883179	2.399560425813778	2.428085220588979	0.7171329701127802	0.08912241165200278	0.37145207005249226	0.502402046359366	0.7045750620638617	0.2417772555567579	0.20648342036145143	0.2782928535443597	2.3904461725211386	1.5178029083174984	2.208785626087959	2.2629797931476623	2.2426972264915572	1.9338063226606819	1.9822579729692265	2.080624914805699	1.6616137687536094	0.4735801233857935	0.048757531818074316	0.0	0.3418570532741049	0.4530328568417522	0.45426577773377697	0.8141197913953925	0.5991512922129753	2.3008841176337844	2.3400114191581016	2.461693087605225	2.461523043845149	1.9334042354923344	2.28845619427247	2.122869661493884	2.2605570387239355	0.8195807272494048	0.38865131853349033	0.7415279747603082	0.4372757910566777	0.5283819163607941	0.17734291671753424	0.5678586303586711	0.24346605235648217
ZAM1_s52_OZA	2.298003827247387	2.1269422310692434	2.139103281335219	2.391922822254568	2.2866938790608557	2.4492817952695622	2.1942360285263582	2.1345517306166664	2.234415092921373	2.101444479332483	0.19911595139196372	0.0985071338198519	0.23042262423123439	0.6185318285048381	0.1424729719531836	0.35330542695973405	0.4879854057391757	0.24894704057793732	2.200852105517126	2.1322277215571788	2.2748649999555433	2.2429216827152905	2.5114887398971586	2.3492530898729913	2.147781691874948	2.0823769465089663	2.26377353077815	2.27884182053548	0.47647055253423193	0.25499359132832966	0.14102308237230207	0.40469943054176005	0.4616846453964876	0.17604151259539014	0.1357346326179671	0.6101683538147339	2.25071812009861	1.3197912533062852	2.0603661424399866	2.10504060121026	2.078775485827001	1.7942126941310588	1.8338702612469984	1.941304085051668	1.453532895945739	0.20116322058923028	0.3841762857374813	0.3418570532741049	0.0	0.12019125269373268	0.5161908437923981	0.6169812327629217	0.3426626365335552	2.1763004133421986	2.228280679236502	2.2976402057524226	2.314164891321254	1.8257179799102004	2.145730061988984	1.9622401470327668	2.0981315883845406	0.6370925820457305	0.06950261743038798	0.5407967034581724	0.23048755477503619	0.4181390523999525	0.24740873393117008	0.364552862240658	0.5547932298060566
ZAM1_s53_OZA	2.214118800359857	2.048190351612508	2.0610448910008774	2.312099021257153	2.1993836738695833	2.3668279700575563	2.1067760277167205	2.0526281325813973	2.152706839674846	2.0136382123051195	0.19197232580971652	0.09621883103652779	0.3495519647987157	0.728845425108917	0.07031042211244555	0.46574274420957323	0.3822866670325215	0.20186392733669797	2.1148813148108685	2.0491094751383305	2.180457873217743	2.1545056481731986	2.427280864329367	2.2643149828856277	2.0666606101937868	1.996315068291825	2.1798568133921084	2.1910417399340996	0.3807201984244896	0.3642494412465922	0.13836184187685127	0.3806549276163482	0.36576288085913033	0.24766820500953343	0.25096273676321085	0.7117931032248702	2.165711877571053	1.2227095505222618	1.9735506253865374	2.015365308546595	1.9875215892267202	1.7111825459242174	1.748046539656812	1.8576238706906336	1.3528503946093835	0.12366049798128177	0.49217555419631365	0.4530328568417522	0.12019125269373268	0.0	0.5385040785055053	0.5322143003285564	0.24893920311046966	2.0959667671274107	2.151564827949124	2.205677480915112	2.2267881725512746	1.752180034323289	2.0602286652368695	1.8723361141726838	2.007227501554168	0.5571108178634788	0.06522945192915341	0.4582004635266232	0.1920521373860666	0.3865150813950914	0.3302767366087241	0.2962199912061192	0.649744801677933
ZAM1_s54_OZA	2.0019759097409153	1.8097666756433421	1.818343279610838	2.0737752697901795	2.0091239859745698	2.142782109814893	1.9198498138694347	1.8326441108593254	1.9288946292703457	1.8315934583843765	0.34680122227723265	0.4494257371862897	0.5134366301374053	0.5766704544370144	0.47311491565393804	0.46847931630921047	0.571687539180311	0.3658489452218439	1.9181789265595697	1.8364334837366203	2.039440179258933	1.9725834921421366	2.21263404145368	2.0575204856558256	1.8415313858405313	1.803497900325818	1.968715999953492	2.0041644337817055	0.5096482842022046	0.429425195299855	0.40163549850747077	0.22193123610298204	0.5051373478641743	0.3528080386050289	0.47073690425057474	0.48906004345372917	1.9616519594989017	1.1487738517736887	1.7862624308493298	1.845713727015272	1.8295462842391141	1.5092173771062263	1.5622262831092444	1.6542375881770972	1.297808152142421	0.4479309890590699	0.43897994301286575	0.45426577773377697	0.5161908437923981	0.5385040785055053	0.0	0.5149619909358764	0.4681485317545404	1.8654596437806652	1.8991703585486823	2.046520283614922	2.036300055174192	1.4936207918250208	1.8620240407561852	1.7088891738905159	1.8462188869721903	0.5003605026867287	0.4946567437501649	0.46745574879139756	0.36282294861799297	0.24224101530765024	0.32627588525067364	0.37805187198969026	0.40562210450402997
ZAM1_s55_OZA	1.6826982558869266	1.5160378882200634	1.5289848485707784	1.7798854397440336	1.6699384676650026	1.834966420133674	1.5774362857602506	1.5206057427133188	1.6206574347242826	1.4845694703840913	0.45062423306794724	0.5202483030200347	0.7841199202714693	1.0329267842475243	0.4782247801918837	0.8307390000609607	0.2012336967338363	0.3775941211950493	1.5844950440989267	1.5173878134767773	1.6596991497344222	1.6259791918372823	1.8960275294787108	1.7333761542061348	1.5345164551958639	1.4659634855834063	1.6484427596761764	1.6619860518741871	0.16173799493993715	0.741036451270426	0.489483337344954	0.3276377327772399	0.17535207396932034	0.5839916211490418	0.6879884889649293	0.9656131236826538	1.6347901764048094	0.7101841433508108	1.4437044273715667	1.4880803964336353	1.4621069935512543	1.1793609714311581	1.2174902900324087	1.3260524198725891	0.850396092824055	0.41748401874187735	0.8273036355557578	0.8141197913953925	0.6169812327629217	0.5322143003285564	0.5149619909358764	0.0	0.2838405988944967	1.563762375033495	1.6197757527174723	1.6811406462909668	1.6973975129751242	1.22206153060654	1.52955378946784	1.3453148950155236	1.4813649493372203	0.039120659996337445	0.5501707995385404	0.07653438410385681	0.3993634204106932	0.300145672984471	0.6367774594786817	0.2574338870089413	0.8818466040165518
ZAM1_s56_OZA	1.9651799534208907	1.7998011755414918	1.8127978092137698	2.0634779434789996	1.9506653655298383	2.1179296631474993	1.8580708015129386	1.8037853470455838	1.9038748880732665	1.7649755750484337	0.2190838650881051	0.25163881598225224	0.5376448879442632	0.8532355362470329	0.2004079066166331	0.6149520255389019	0.15386400755173094	0.14356702454816672	1.8660137217473098	1.800191290643484	1.9339525137642395	1.9059623721398729	2.1783437774871017	2.015393849357374	1.817896869866764	1.7474477444577263	1.930917934186059	1.9423953932648799	0.1338797467336983	0.5150296734876675	0.23417895482168152	0.25038153718249023	0.11904587710400051	0.3573769934585071	0.4355843313850118	0.8076605027492882	1.9167907763950862	0.9776083360518762	1.7247524500457871	1.7670769243085673	1.7396794163317255	1.4622870026045407	1.4991476226091716	1.6086931451533109	1.110872058244292	0.14217944984212638	0.6244565732813133	0.5991512922129753	0.3426626365335552	0.24893920311046966	0.4681485317545404	0.2838405988944967	0.0	1.8473001323554827	1.903615316825779	1.9581132301066715	1.9780813217894893	1.5054422496497533	1.811327195819509	1.624083224962938	1.759277547370155	0.31062293007988245	0.2736356906048871	0.2113910689105935	0.16344337600370332	0.2378474518412953	0.430440878344324	0.09601772000617836	0.7305536213426223
ZAM1_s58_YZS	0.149258580282461	0.061103801350776255	0.06435349925043762	0.2162965238157384	0.207126344558613	0.27735394462539237	0.17816127807861387	0.05699063564374274	0.0665005774365143	0.19872206652136046	1.9931064803134049	2.0780654402835546	2.312210223837083	2.4359357075384422	2.040748885488196	2.3168046368148394	1.7335480159167178	1.9291817019364608	0.1411821315879683	0.08078264999365455	0.38448598213394913	0.21416982354342742	0.34844015613026624	0.2070062697003215	0.03446999337295934	0.16846785011468823	0.12351614243497859	0.21421630704319616	1.718625301002567	2.248976249016688	2.041485208667133	1.8110052728769535	1.7333780394468528	2.108536334018528	2.227431248565886	2.34016795649563	0.13686491134033357	0.9304424442351291	0.1961950627857493	0.24310300118406167	0.28982722472427924	0.38807272130339887	0.36673835596471027	0.248845829231172	0.8604400884038845	1.9798867444198132	2.2959995049381927	2.3008841176337844	2.1763004133421986	2.0959667671274107	1.8654596437806652	1.563762375033495	1.8473001323554827	0.0	0.1014350677781097	0.326179112023344	0.22481977288058116	0.3759158406323841	0.13020319769524896	0.3164721909805519	0.2758186210807506	1.5402525662617481	2.11152142859872	1.6383524628507053	1.949343893182154	1.7883384875015738	2.13570621174355	1.8117527416396482	2.261412464452735
ZAM1_s59_YZS	0.19015088339574282	0.11285523219666323	0.09516492936974942	0.1796182943920697	0.2728449775544163	0.26270406751311015	0.26887981525635685	0.1566441350537629	0.12111651744267238	0.2998897496999893	2.0419895409586135	2.1298299800677967	2.356766936786325	2.4652886472796776	2.0946192107213966	2.3557234961875317	1.7946900519356732	1.980112669754901	0.22984631567644082	0.18209271557056655	0.4670487182913222	0.29461798911367654	0.3409509559302123	0.23850424105752993	0.13319581682325513	0.2695490398091888	0.18056581456601276	0.28386728797334393	1.776787784804679	2.2910795246605	2.091880726983968	1.855616035574077	1.7914062578521488	2.153901870734558	2.274371132153624	2.3679794051881475	0.20598279692556576	1.0073318359728258	0.2968690964768674	0.3435436052072663	0.39079558165694395	0.45852894376128767	0.44812886614143005	0.33106237686914436	0.9460231029607813	2.0338212998128875	2.333163713303395	2.3400114191581016	2.228280679236502	2.151564827949124	1.8991703585486823	1.6197757527174723	1.903615316825779	0.1014350677781097	0.0	0.4016325884238358	0.282769123220735	0.40665036477254607	0.22983107521222326	0.41491167209527097	0.3761902891983179	1.5946156972638597	2.1645606570455858	1.693370976300972	1.999837233043233	1.8337573098033126	2.1776586542329213	1.863989999073458	2.2905926124772633
ZAM1_s60_YZS	0.22248166158771743	0.37708036779070186	0.38786363541802477	0.34792285107634763	0.13091050635952287	0.31044690311095474	0.15996582019352285	0.3069759456033034	0.28084713264255884	0.22421252051701138	2.127124756560365	2.2013535496445593	2.456379965949083	2.6230038353734746	2.157285420057386	2.4780780567309058	1.8286057758869998	2.0573299980676882	0.18853321467123238	0.2835056414952289	0.07600530610844371	0.11257391370588538	0.31230995090820973	0.20448230057052982	0.31839944239823104	0.2638839279055073	0.22193660257398162	0.1182397679971433	1.825072024794034	2.401371879486413	2.1698594141073047	1.9612467673175873	1.8400322014198223	2.252374526534329	2.3649048451231063	2.5320586607555553	0.19575268864974793	0.9875659752252932	0.271584036990737	0.20145270251655018	0.2194136109123873	0.5436679041992423	0.4853702179986771	0.40960002036669785	0.8757565411002572	2.0970482989969117	2.462585986669465	2.461693087605225	2.2976402057524226	2.205677480915112	2.046520283614922	1.6811406462909668	1.9581132301066715	0.326179112023344	0.4016325884238358	0.0	0.13096217562754423	0.6292498298964357	0.22855206969847394	0.3388289802993802	0.20113826514224592	1.6639033084752568	2.230015518750697	1.757606314897518	2.0786599253049185	1.936437222941786	2.289773521560595	1.93734451556785	2.4503725794410633
ZAM1_s61_YZS	0.0948055729557848	0.28333899421984354	0.2891714819217373	0.21809066460923449	0.027502478853361278	0.19301965811228136	0.12001214524098797	0.22523019551906842	0.16691379540767184	0.2132722269452753	2.137906994515396	2.2168406660023825	2.463523577959667	2.6110363635344567	2.175467759156238	2.477729019820333	1.8544944775388308	2.0704064970769767	0.11866656102609056	0.21056413239494717	0.20578535731675238	0.07716079382150653	0.21799762288330465	0.0758493827579886	0.22839840625882588	0.2336594458871954	0.10422374884905662	0.03738115807690381	1.846365429219452	2.4048203150640433	2.183135953780731	1.964601918445094	1.86129586740573	2.2592476237040464	2.3747562976209493	2.51767456265202	0.08883788242658942	1.0222319975632779	0.25397971422661736	0.21901900242902544	0.25898817329376883	0.5279015156913274	0.4810896249299713	0.38206250131438557	0.9243229041775385	2.114813395030148	2.4598219894633964	2.461523043845149	2.314164891321254	2.2267881725512746	2.036300055174192	1.6973975129751242	1.9780813217894893	0.22481977288058116	0.282769123220735	0.13096217562754423	0.0	0.574451132875682	0.17456420705494424	0.3591776586866535	0.23743386205745365	1.67749404634857	2.247567363685936	1.7734027337284326	2.0913034775458748	1.9406496254469643	2.2922639868279417	1.9511379765363464	2.4372541310830456
ZAM1_s62_YZS	0.520371054905411	0.31775029952047923	0.3250823102520795	0.5801868271058158	0.5496620693020712	0.6515241580284299	0.47416140779528987	0.35246498372298213	0.4415193854721669	0.408711794534837	1.6376464102597343	1.7272119377636657	1.950611119644303	2.061908826095778	1.6937156455172862	1.9491328523275684	1.4030757033164414	1.5770767595733128	0.4585019504778521	0.36394795908085187	0.6562085102845885	0.5281767435060609	0.7242190869568327	0.5780395290485217	0.35634171005047666	0.36580747675822906	0.48937490784920484	0.5495074086596109	1.381123814821177	1.884517694482818	1.6883772160269204	1.4496356083235675	1.3955277793442427	1.7480235367867725	1.8689905360632142	1.96552735702709	0.4895968634566232	0.6690261580757738	0.3628701689992432	0.4446657674599508	0.4583411411893478	0.18796951728500172	0.24478968396029832	0.23363347582799948	0.6535958090272947	1.633063132105832	1.9267964052302697	1.9334042354923344	1.8257179799102004	1.752180034323289	1.4936207918250208	1.22206153060654	1.5054422496497533	0.3759158406323841	0.40665036477254607	0.6292498298964357	0.574451132875682	0.0	0.4063992701807288	0.36822920453355346	0.4635663225200714	1.1952116406873445	1.762872301216692	1.2943519460821138	1.59648805232001	1.4280410633600689	1.771092617875485	1.462074337275415	1.8872772014377115
ZAM1_s63_YZS	0.15857776199831083	0.16195993888729074	0.17771331207801308	0.28809219438759825	0.1477645899034132	0.3153823901809798	0.06891385709782728	0.0875510431818244	0.13080742846164092	0.07333691009591732	1.9676755875717176	2.0481104608201774	2.2920665879782556	2.4365833853733663	2.007778390911028	2.3046251944314053	1.6905948209051462	1.9009686217012955	0.05616637187290123	0.05961415487832396	0.27246029408604266	0.1219588980189289	0.3681014278569348	0.2043671393944478	0.10653336221692034	0.06512210550638145	0.1254625391536944	0.1449122247361457	1.6803596784065273	2.232500359163796	2.0136699002146776	1.7924834231811142	1.6952542706159033	2.087823566551898	2.204090619548331	2.343136851909282	0.1060065347429725	0.8667305862388622	0.09189844685700299	0.11391170390247425	0.16193583628270608	0.3547142021305169	0.3121827722963332	0.20797621406415154	0.7806030270897912	1.9470226784037155	2.2863231339689594	2.28845619427247	2.145730061988984	2.0602286652368695	1.8620240407561852	1.52955378946784	1.811327195819509	0.13020319769524896	0.22983107521222326	0.22855206969847394	0.17456420705494424	0.4063992701807288	0.0	0.21464094816523976	0.14645230923925506	1.508686497002462	2.079570083555612	1.6052689649064444	1.9217032935836196	1.768750962019121	2.1197822132676984	1.7820605764355042	2.262760544673023
ZAM1_s65_YZS	0.3708940794560001	0.3116523333240431	0.3319094800497608	0.5025039536480588	0.33247695223504814	0.5267967073187843	0.2411507293281684	0.25951984864392513	0.34106137640552253	0.14942705168668324	1.7897501771467244	1.8655116147705093	2.118286492427766	2.2855197335439748	1.8225264289430667	2.1392524172297853	1.4978174481993143	1.720591992429322	0.2596881436090459	0.237952597736131	0.33305181166664527	0.2840195447482018	0.5721109556703452	0.40964104671322327	0.2826334848545738	0.15334384986522612	0.33904490598781767	0.32223752973792286	1.4916295516366869	2.062748673364309	1.8332316650792961	1.6225506583348055	1.5065835143301	1.9141866034256194	2.02736988290166	2.1952850354783586	0.3156285624153921	0.6630795617624246	0.12447746086313201	0.14305685956377734	0.1206919829173822	0.22341805925986563	0.15642285949894688	0.1440303212325714	0.5684862189593634	1.7620800445621694	2.123798209243501	2.122869661493884	1.9622401470327668	1.8723361141726838	1.7088891738905159	1.3453148950155236	1.624083224962938	0.3164721909805519	0.41491167209527097	0.3388289802993802	0.3591776586866535	0.36822920453355346	0.21464094816523976	0.0	0.1377145570132138	1.3271188308950161	1.8950140601229415	1.4216550038178464	1.7417960932530807	1.5978133128252914	1.9510557364406045	1.6007833378180267	2.113269414521409
ZAM1_s66_YZS	0.2737625964969546	0.29817870534306196	0.3163484542488886	0.41564836961485513	0.2130534284172081	0.42115558925405894	0.13281302110999282	0.22687440122511962	0.272810696794455	0.07934790098094033	1.9266139156390232	2.0016128411818097	2.2555307456199243	2.4228066896020395	1.958096046468707	2.276943334907183	1.6314198362937937	1.8571300998008107	0.1653823324969966	0.1983909071365238	0.2005128880807695	0.16029218343517065	0.45527417709977486	0.2995252806403302	0.24879892077890398	0.12255806765173126	0.2477688537423518	0.2001783930168598	1.6265180257438538	2.2002891083593887	1.9697199649393622	1.760135972739923	1.6414774853704692	2.0514790577210875	2.1643221390005216	2.332298651007782	0.21845773968380308	0.7929300120892364	0.10883946845612115	0.03272284148323296	0.021554376221767053	0.3500055422002695	0.28780601537000555	0.23095899373305842	0.6889605274321405	1.8977461901953523	2.261512375970467	2.2605570387239355	2.0981315883845406	2.007227501554168	1.8462188869721903	1.4813649493372203	1.759277547370155	0.2758186210807506	0.3761902891983179	0.20113826514224592	0.23743386205745365	0.4635663225200714	0.14645230923925506	0.1377145570132138	0.0	1.463656040012069	2.0307072428051662	1.5577763524686976	1.8783985841682227	1.73535223185464	2.088656353856776	1.7372257636688873	2.250408023136671
ZAM1_s67_OZS	1.6609513061871621	1.4917642295176148	1.504393276154592	1.756174232932464	1.6500094752273191	1.8125013399101204	1.5576310306728012	1.497872521962079	1.5978229175516467	1.4650093745805681	0.463877846936481	0.5394343167214164	0.7959833436549261	1.030982264327279	0.5004988382240195	0.8362267701923984	0.23872919491837927	0.3934799906154017	1.5638653247876593	1.4952625174322693	1.644023523220125	1.6066895526632503	1.8744199115327498	1.7121625038009158	1.5113854778951228	1.4454254496216443	1.6267159363673123	1.6423318629629393	0.19511540003968192	0.7491049640878222	0.5061152447236468	0.32499805321035874	0.20793350869020738	0.593903060597278	0.7018295949883239	0.960633149149849	1.6136317229171881	0.6995649418596124	1.4235994983987554	1.469616836075334	1.444634804660593	1.1572143817269853	1.1969281512349481	1.3042445355902816	0.8421683247833449	0.4396377474069954	0.8305325949661013	0.8195807272494048	0.6370925820457305	0.5571108178634788	0.5003605026867287	0.039120659996337445	0.31062293007988245	1.5402525662617481	1.5946156972638597	1.6639033084752568	1.67749404634857	1.1952116406873445	1.508686497002462	1.3271188308950161	1.463656040012069	0.0	0.571458898911882	0.0992391148788163	0.41475762053853743	0.29752487525315957	0.6425171892032411	0.27373569021159694	0.8764424686799293
ZAM1_s69_OZS	2.232280438641886	2.0626044248786393	2.074969230001381	2.327322886670459	2.2201089595327206	2.383959745777064	2.1276033608502063	2.069326018556518	2.1692648491641595	2.0347168438626753	0.15560308471127776	0.04617011802947488	0.28990982327333537	0.6640570458883096	0.07323256060031595	0.4016414417137934	0.41849764693465746	0.1899913698890189	2.134583014557547	2.066680796124446	2.206759200440769	2.176070064843136	2.445708340923324	2.283264288871094	2.08277831164928	2.0160676071441523	2.1980369724057014	2.212139105954461	0.40750883368940016	0.29969262851129685	0.09565426981608427	0.35798004025577207	0.3926811253139675	0.18483378114879	0.18902582665770556	0.6465986168885278	2.1846986521249727	1.2511131859222226	1.9938690500653826	2.0378850149648033	2.0112746251841456	1.7286213543132949	1.767575033247507	1.8755745107587627	1.384407519487924	0.13296783725002873	0.42723581330442356	0.38865131853349033	0.06950261743038798	0.06522945192915341	0.4946567437501649	0.5501707995385404	0.2736356906048871	2.11152142859872	2.1645606570455858	2.230015518750697	2.247567363685936	1.762872301216692	2.079570083555612	1.8950140601229415	2.0307072428051662	0.571458898911882	0.0	0.47430123664859597	0.1741374454104942	0.368208794813055	0.2664012111643663	0.3008006783457795	0.5850006987387363
ZAM1_s70_OZS	1.7581051966125958	1.5901945350006603	1.6029475736042011	1.8543761946084556	1.7459359711598923	1.9100790256961548	1.6534617818999384	1.595581312928946	1.6955904016919914	1.5606509276155347	0.37473425630214646	0.44385800761309285	0.7084031817446053	0.9661498774489939	0.402699512759751	0.7581096647193843	0.1600010564882392	0.3011901770141972	1.6602886719627263	1.5926329785034579	1.7362335299798992	1.7021284317418532	1.9714967357335258	1.8089832994261341	1.609300371129924	1.5417791889843058	1.7238559840087873	1.7380525149424608	0.10374546003893897	0.6669733044766273	0.41296742999688535	0.2654556283316247	0.11433296884128887	0.509202084638359	0.6117891631579968	0.9021773934452223	1.7104122892680869	0.7862055053100439	1.5196442477145238	1.5643836183106283	1.5385447074383232	1.2545728093335797	1.2932819847968033	1.4014149150392656	0.9256794792156067	0.34187112480587767	0.7562848511345753	0.7415279747603082	0.5407967034581724	0.4582004635266232	0.46745574879139756	0.07653438410385681	0.2113910689105935	1.6383524628507053	1.693370976300972	1.757606314897518	1.7734027337284326	1.2943519460821138	1.6052689649064444	1.4216550038178464	1.5577763524686976	0.0992391148788163	0.47430123664859597	0.0	0.32302041901632744	0.23856776652347522	0.5642826343067889	0.18110644462493755	0.8190851927219361
ZAM1_s71_OZS	2.072843374301385	1.8993180766180369	1.9111935331768604	2.1646220619167633	2.063807042661742	2.2232266838361925	1.9715439488866087	1.9084103819209464	2.008095512325423	1.8791083005390377	0.056276397310109146	0.1327237629945076	0.3870623975174775	0.6899164219124932	0.12175407678883253	0.4532958542263241	0.3153853780756045	0.022219456487478424	1.9770925315760863	1.9067424613928998	2.058418207870903	2.020914620764826	2.2863860965189224	2.124700749231565	1.9212216919044636	1.858789653348025	2.0386557704600645	2.056326711173532	0.2813936485658356	0.3550726450461821	0.09214162351195646	0.18862077537793584	0.2682664875951941	0.19593727983813802	0.2889141663907899	0.6464365538363445	2.0262815517216684	1.1091129289019406	1.8373351921023828	1.8842129832509587	1.8593912617978647	1.568995110990849	1.6104005639737298	1.7163164156117372	1.2476244690971308	0.08512428192288463	0.4612913951288656	0.4372757910566777	0.23048755477503619	0.1920521373860666	0.36282294861799297	0.3993634204106932	0.16344337600370332	1.949343893182154	1.999837233043233	2.0786599253049185	2.0913034775458748	1.59648805232001	1.9217032935836196	1.7417960932530807	1.8783985841682227	0.41475762053853743	0.1741374454104942	0.32302041901632744	0.0	0.1956737510461106	0.26701234928644446	0.14193088363008496	0.5709963026712837
ZAM1_s72_OZS	1.9165940978196465	1.736311586220435	1.7471981149349063	2.0021107352684337	1.9131707801260445	2.0642496237598853	1.8216352771208815	1.7499056499962158	1.848832971415321	1.7303322724879424	0.21932180098813994	0.32433474752616953	0.5239315549568302	0.7336361453042916	0.3163853397874397	0.5449749871388782	0.32944672227854405	0.18474877789611951	1.824630248084553	1.7500617991366423	1.921264862346403	1.872417002076182	2.1298219480817897	1.9698861052999856	1.7614728600432172	1.7071210012305795	1.8826023174856445	1.9065695903326005	0.26777463555824504	0.46493708924815874	0.2774551597087994	0.02753686337614417	0.2629287070017887	0.32025865072594734	0.44127534061825857	0.6655198233458638	1.872006569428185	0.9905984890814061	1.6870817371149731	1.7387972465339758	1.7171552333328453	1.4142350152803833	1.4600106879107666	1.5615859506618857	1.1356968526143358	0.2684736986641556	0.5356857783649522	0.5283819163607941	0.4181390523999525	0.3865150813950914	0.24224101530765024	0.300145672984471	0.2378474518412953	1.7883384875015738	1.8337573098033126	1.936437222941786	1.9406496254469643	1.4280410633600689	1.768750962019121	1.5978133128252914	1.73535223185464	0.29752487525315957	0.368208794813055	0.23856776652347522	0.1956737510461106	0.0	0.35373314487438207	0.1424810916258741	0.5818835168808293
ZAM1_s73_OZS	2.266188598754991	2.0825563948076966	2.0927720204354077	2.348236821560857	2.264810757095627	2.4123611888824894	2.1735500231322873	2.0986627539471003	2.1970658338711053	2.0826051302417725	0.21161425974344947	0.23832187689138304	0.18890314339846423	0.4236998478387922	0.2953857037740701	0.19396193409353094	0.581815877172701	0.28748624357659264	2.175772681810961	2.0996662186431387	2.274973140449675	2.224658777973912	2.479056915774187	2.3200283037896914	2.109576831395707	2.0586267169338717	2.2323195618550566	2.258463523438397	0.5430706718463052	0.11342774625751786	0.21696354742437574	0.32854949037465864	0.5309954725255135	0.08387942698244412	0.15299288010348575	0.38853783907894685	2.22245670211912	1.3412464234578698	2.039012478664135	2.0917522052679782	2.070559611897457	1.7650795483571617	1.8121242571335787	1.9122273776113048	1.4846600957640401	0.31672801515023513	0.19509492447854104	0.17734291671753424	0.24740873393117008	0.3302767366087241	0.32627588525067364	0.6367774594786817	0.430440878344324	2.13570621174355	2.1776586542329213	2.289773521560595	2.2922639868279417	1.771092617875485	2.1197822132676984	1.9510557364406045	2.088656353856776	0.6425171892032411	0.2664012111643663	0.5642826343067889	0.26701234928644446	0.35373314487438207	0.0	0.3920185415305865	0.32098139308614193
ZAM1_s74_OZS	1.9338609887517502	1.7624203799256088	1.7746337125468008	2.027371424937721	1.92364966717336	2.0848749864656133	1.8312984024482617	1.7701138159315002	1.8699452923058546	1.7387146314515018	0.19415235062588462	0.26635551385973144	0.5278303587463229	0.8061595406540238	0.23279940240378943	0.5842757641897074	0.2044899194224343	0.12019695227808387	1.8373208424959315	1.7679644955939708	1.9167137442649156	1.8804152469640556	2.147378815750839	1.9853569176685546	1.7832707848289828	1.7189239068454085	1.8996442381579322	1.9160192953235176	0.15398081753890136	0.4899190044047174	0.23251628109397904	0.15715877357797006	0.14383173714757794	0.33089801388129136	0.4306999089314821	0.7514440289618213	1.8868660457985618	0.9672751525148116	1.6972163050418088	1.7433229828470855	1.7181384145375476	1.4300117692785883	1.4704505101565708	1.577199438376295	1.1062294769636065	0.1731808798083263	0.5866115221598504	0.5678586303586711	0.364552862240658	0.2962199912061192	0.37805187198969026	0.2574338870089413	0.09601772000617836	1.8117527416396482	1.863989999073458	1.93734451556785	1.9511379765363464	1.462074337275415	1.7820605764355042	1.6007833378180267	1.7372257636688873	0.27373569021159694	0.3008006783457795	0.18110644462493755	0.14193088363008496	0.1424810916258741	0.3920185415305865	0.0	0.6711450857314253
ZAM1_s75_OZS	2.4001751884179576	2.2046535876369804	2.212353948452865	2.466998371909583	2.4102046301131153	2.538336292680658	2.32162949325112	2.230531928078451	2.325618507850644	2.234180173234661	0.5201682475594099	0.5592176839323991	0.37978813253188703	0.17469709869168154	0.6160960937939284	0.24266570729031345	0.8736609928830891	0.5884445119678428	2.3188553586789293	2.2353889341034154	2.444342485893535	2.3746949957501067	2.609475121534573	2.4562554720314043	2.238544825142485	2.2051047275035436	2.367224858210078	2.405644627841962	0.8247268076786055	0.3094614892230247	0.5362614373979651	0.5544985060517668	0.8149747134777017	0.404854012679013	0.42856277378908314	0.08459822474447848	2.3611953868359032	1.5502242192206042	2.188513713644654	2.2493039919656943	2.233957573769684	1.9112709507006924	1.9655178736983479	2.0553587547592453	1.6985741998217394	0.6328925957012843	0.19504019904159625	0.24346605235648217	0.5547932298060566	0.649744801677933	0.40562210450402997	0.8818466040165518	0.7305536213426223	2.261412464452735	2.2905926124772633	2.4503725794410633	2.4372541310830456	1.8872772014377115	2.262760544673023	2.113269414521409	2.250408023136671	0.8764424686799293	0.5850006987387363	0.8190851927219361	0.5709963026712837	0.5818835168808293	0.32098139308614193	0.6711450857314253	0.0
