	ZAM1_s11_OZA	ZAM1_s12_OZA	ZAM1_s13_OZA	ZAM1_s14_OZA	ZAM1_s15_OZA	ZAM1_s17_OZA	ZAM1_s18_OZA	ZAM1_s19_OZA	ZAM1_s30_OZS	ZAM1_s31_OZS	ZAM1_s32_OZS	ZAM1_s33_OZS	ZAM1_s34_OZS	ZAM1_s36_OZS	ZAM1_s37_OZS	ZAM1_s38_OZS	ZAM1_s49_OZA	ZAM1_s50_OZA	ZAM1_s51_OZA	ZAM1_s52_OZA	ZAM1_s53_OZA	ZAM1_s54_OZA	ZAM1_s55_OZA	ZAM1_s56_OZA	ZAM1_s67_OZS	ZAM1_s69_OZS	ZAM1_s70_OZS	ZAM1_s71_OZS	ZAM1_s72_OZS	ZAM1_s73_OZS	ZAM1_s74_OZS	ZAM1_s75_OZS	ZAM2_s11_OZD	ZAM2_s12_OZD	ZAM2_s14_OZD	ZAM2_s15_OZD	ZAM2_s16_OZD	ZAM2_s17_OZD	ZAM2_s18_OZD	ZAM2_s19_OZD	ZAM2_s20_OZD	ZAM2_s31_OZA	ZAM2_s32_OZA	ZAM2_s34_OZA	ZAM2_s35_OZA	ZAM2_s36_OZA	ZAM2_s37_OZA	ZAM2_s38_OZA	ZAM2_s39_OZA	ZAM2_s50_OZD	ZAM2_s51_OZD	ZAM2_s53_OZD	ZAM2_s54_OZD	ZAM2_s55_OZD	ZAM2_s56_OZD	ZAM2_s57_OZD	ZAM2_s58_OZD	ZAM2_s59_OZD	ZAM2_s70_OZA	ZAM2_s71_OZA	ZAM2_s72_OZA	ZAM2_s73_OZA	ZAM2_s74_OZA	ZAM2_s75_OZA	ZAM2_s76_OZA	ZAM2_s77_OZA	ZAM2_s78_OZA
ZAM1_s11_OZA	0.0	0.29760635632000415	1.75559438594338	1.557722323102989	1.1061541387579363	0.13565441598004924	1.7314793515369862	1.4620679975856137	1.0089952399585664	0.031077150475890578	0.6028806774697257	1.4470634048767264	0.7061075341975737	1.5630710830538757	0.5452560571024544	1.544622284948111	0.3237673234926653	1.4147950216849707	1.4396476864403225	1.0157717588573045	1.6147298926689135	0.4353788705834598	1.469676024063444	1.006811463593122	1.3878401441119264	0.6711588825883598	1.309967601340062	0.561334857244266	2.0124209166782396	1.1942073880158095	0.09441558885975385	1.5677672321963614	0.9713818202626554	0.5633807156890526	1.3672403922559324	1.1722548797503036	1.1678100025064972	1.6081870996133574	0.011485789665547669	0.14518393049858866	0.17168502423549262	0.5939475744442986	0.6455973005435827	0.9917429317777556	0.6138337119802151	0.7379442967149045	0.10081681396420603	0.1651195019583959	1.464250911285619	0.8557445242447502	0.9657694066370872	1.3521474222508736	0.41335329618143735	1.188258388317305	1.4671102218325278	0.18235627534166918	0.08152059488211785	0.014701372528311968	0.8742437107858241	0.8642966336034927	0.8116231184450147	1.0633705413826606	1.0440850981177099	0.6620224160736488	0.10071774511282966	0.25800777499521793	0.995039428353904
ZAM1_s12_OZA	0.29760635632000415	0.0	1.4788476315136536	1.298785679540971	1.4013586664218174	0.29538003743129115	2.028242198924456	1.7596533572717956	1.3062973600885546	0.3104057703623615	0.3279181551363182	1.1890671058105184	1.0034192843005156	1.2981551777025968	0.2578408249297263	1.2817276555108106	0.0348332196309218	1.1419430439388736	1.1615206098868744	1.3087129621224758	1.911789844548799	0.5004225296664755	1.767282086522016	1.3035921765940928	1.6854435301608623	0.3757701779006985	1.0438149561821286	0.8574577689097036	2.309677251000753	0.9253039867839975	0.3895673867733367	1.3033573503501343	1.2658191155090572	0.8582222206370328	1.6644665045770828	1.4676921510857388	0.9052868887016984	1.3463130921617616	0.28613794488032884	0.2546397645102873	0.45308190117192493	0.8897842721207454	0.931016957401787	1.2885363109413195	0.9011005928287392	0.5110661896486002	0.37780521661409905	0.4624717058240383	1.1871259296358474	1.1519848736324725	1.2617348155775263	1.6497535205043656	0.6738196152276815	0.9350123545384574	1.1963876798681157	0.20757854250166108	0.36973409068247864	0.308361723587238	1.1686453606985914	1.1614800679952966	1.1083509682946862	1.360900731192843	1.33917470597136	0.39440705695457556	0.25139086836554353	0.5555746921297485	0.709582471546066
ZAM1_s13_OZA	1.75559438594338	1.4788476315136536	0.0	0.2826178669161742	2.8480629933884902	1.68379616238883	3.4570608944278858	3.1740428900351376	2.737209966989501	1.7569031265308932	1.1543912062600332	0.3662701492760784	2.4404294702482554	0.23712160070228067	1.2211236139390105	0.2640024097948252	1.4656427772485023	0.34261869219495694	0.31739718684820795	2.7648255865518454	3.337836635573758	1.6140199982234464	3.1784459358398442	2.7409287451690756	3.0989574332751983	1.1184564247028213	0.45674251073466393	2.306600501316337	3.7280735785187886	0.5646496274866155	1.8497083761671214	0.2369759042208469	2.7171630195542873	2.2634735311820764	3.0909426867371597	2.9125324200103266	0.5995201484334088	0.22987793339556764	1.7450122982975014	1.7324618410499704	1.8681882326107988	2.2993115056843463	2.2904722686185908	2.689455818035406	2.270215552357104	1.0470121709943565	1.8487377827208629	1.91503750018215	0.29178036326578577	2.5957650334068303	2.654599674551148	3.062252395954682	2.0084937940482717	0.6018174249083367	0.295508799484442	1.5904239380547893	1.835544985568706	1.7621682314935114	2.5532801030329773	2.572394194641379	2.5493081885021662	2.7854547135860575	2.787035458095228	1.0935755399031297	1.6729952240552046	2.0021341588243726	0.7726952419413794
ZAM1_s14_OZA	1.557722323102989	1.298785679540971	0.2826178669161742	0.0	2.6302075407882595	1.4725723806315574	3.2287130817218612	2.9426761242754957	2.514262678263844	1.5552738805437802	0.9710515618923452	0.11069270808925705	2.2225708260759207	0.06032851531069665	1.0464018831117488	0.04193894409777615	1.2908677439580432	0.2057369542621323	0.24198408155447543	2.551987290357511	3.109152187539095	1.3712453102900735	2.946124701856868	2.5202036755015023	2.867823858748662	0.9650281955459531	0.26036588913472464	2.094927921215138	3.495087192471694	0.379621481178523	1.650287896560784	0.05557114750607531	2.502359770306977	2.038911999636686	2.863851922128815	2.6934309775160696	0.3935595449286617	0.05724318606527395	1.5477661761959922	1.5530404235471402	1.6548863679757757	2.075242301639726	2.0557506703014337	2.4583120015560764	2.037684787560164	0.8260295947515998	1.6548099781866026	1.7111895024870338	0.22012359575950122	2.3787862844429757	2.4218645083719506	2.8310782571457933	1.7756812468622711	0.37018947049679657	0.15374981497527804	1.3841389456101094	1.639001533554436	1.5626553382380146	2.319824429300169	2.3450874096847643	2.3316954949629767	2.560020941465134	2.570131714484062	0.9045945779698895	1.4686577821151794	1.7943011236697213	0.628495885500081
ZAM1_s15_OZA	1.1061541387579363	1.4013586664218174	2.8480629933884902	2.6302075407882595	0.0	1.1644998997186986	0.6311196599860489	0.39246808280337203	0.13719876147500382	1.099357373843408	1.705187883674846	2.5202142633319857	0.40789445459170376	2.6430548825223905	1.6511835639274115	2.6223384381884163	1.4240197392291922	2.5054876585057375	2.535464293959854	0.10949466084167185	0.5189386273238674	1.2851825036497333	0.40584301839906856	0.1168936281023997	0.32961436013593975	1.7767496264344549	2.394779005672787	0.5450392019944637	0.9164213069858705	2.2834562557940368	1.0124666447628763	2.6470644121751326	0.13699415109288346	0.595552606838338	0.2823304548827802	0.06671536267490984	2.2511902798211954	2.6837317568640824	1.1174197510654444	1.1705980589664413	0.9799728870166838	0.558911424465342	0.6164176676549984	0.2638363338269353	0.6216776872795013	1.8056451262045192	1.0248039312297175	0.9415655851084823	2.5589230065614808	0.25232857783929236	0.30554052165391893	0.30289862338149254	0.8708477444178924	2.2613689596938604	2.55499662600692	1.2594064512784422	1.0316253127201516	1.0971928397048287	0.38452203304837257	0.31389801160710706	0.2988354702188159	0.1344442799268156	0.062241441770343194	1.7600381905774651	1.1789793993116382	0.8505343909481528	2.0986959681723
ZAM1_s17_OZA	0.13565441598004924	0.29538003743129115	1.68379616238883	1.4725723806315574	1.1644998997186986	0.0	1.7798539212821634	1.5026444045766343	1.05683708475456	0.11192008363726241	0.546921650376592	1.3620058547482319	0.7573431260474949	1.4821502113748903	0.5046662163750893	1.462321718541444	0.32884217256877063	1.3413179673257467	1.3709921576942228	1.0814954218933714	1.6614835228846034	0.30163681119920194	1.5087546264910605	1.058766962857415	1.4276802196855138	0.6391204526007428	1.2318182587285562	0.6233878916668127	2.056434752551403	1.1193460676768578	0.19948598282455524	1.4864398169918034	1.0334002880664865	0.5896929604769253	1.413601868508838	1.2292859253645236	1.0883950151747384	1.5247808295247	0.13392879697146742	0.2591386039956666	0.18457456868196503	0.623990697087928	0.6463380879874459	1.0224864034120023	0.6186503718050161	0.6467484225566431	0.22693455397733636	0.2441025313692824	1.3944239262637605	0.9121713639097023	0.9920685398980302	1.391328023946779	0.37998604027494504	1.102438972933122	1.3914235354893147	0.09932750370230549	0.20196245838967788	0.12898105115577785	0.894926514184431	0.8991832989835525	0.8659449892922845	1.1075943094826455	1.1033236211623083	0.5974975164417279	0.05696391916509307	0.3220014035310854	0.9391624343751461
ZAM1_s18_OZA	1.7314793515369862	2.028242198924456	3.4570608944278858	3.2287130817218612	0.6311196599860489	1.7798539212821634	0.0	0.2906059373301235	0.723575775471486	1.7226742964282722	2.3252392114171716	3.119847600179962	1.0258547677329826	3.2454492701761937	2.2747895763744337	3.2236339567765087	2.0519475316981994	3.1147148641399367	3.1478465523974912	0.7331611862787096	0.11961544763053922	1.8628672300690199	0.2912202757722914	0.7246808256423396	0.36356421381242077	2.40261536542999	3.0012675389501267	1.1708773290652368	0.2863057374330837	2.892999443512562	1.6386857763673837	3.249060676813096	0.7681137542333272	1.1937965161777808	0.3663844206926738	0.5644378979895887	2.8578838379604816	3.2834837122864053	1.7428606087957708	1.8010864296504812	1.595882882786163	1.1581902553699233	1.1750903376897852	0.7709161482635465	1.1914639726110625	2.4104045784799957	1.6533888228719187	1.5663737247441922	3.170445731086838	0.8764825864706284	0.8087548637847549	0.40000200973077155	1.4531893928654087	2.863088273224669	3.16232159096852	1.8770261889269058	1.6589661207297823	1.7217938536489825	0.9111014239182695	0.8847028229040974	0.9199091035899954	0.6724031424156437	0.6930916493110504	2.377350338311246	1.7991644117398182	1.4739747808212573	2.718503656285095
ZAM1_s19_OZA	1.4620679975856137	1.7596533572717956	3.1740428900351376	2.9426761242754957	0.39246808280337203	1.5026444045766343	0.2906059373301235	0.0	0.4554699526388876	1.451283902465444	2.0493559140022235	2.834173024634848	0.7570531650660717	2.960422325397338	2.001898033768858	2.9383176443243664	1.7848292676822013	2.832065224832256	2.8664770501839545	0.501772742063176	0.17296211047871432	1.574729360479005	0.01848230754958212	0.46350489193257566	0.07512105609929573	2.1318202418142778	2.7177304315375004	0.9062734672572816	0.554389783500269	2.610698689570233	1.3707620670135243	2.9639186653355254	0.5237614028202879	0.9136359587503083	0.11245288821813094	0.33099869970798196	2.574566193963424	2.9977177412338567	1.4735282355345407	1.5408100102138598	1.319842116186258	0.8787956056977558	0.8873220362444337	0.48469439347149057	0.905046801065927	2.127033401718937	1.3888974431442063	1.2972418860909625	2.888678282677737	0.616189641687303	0.5208813969419006	0.11179175343206812	1.1671281461603915	2.578204413506367	2.8789269808321034	1.600765585556131	1.3924344311560148	1.4516520359851501	0.6230857365000786	0.6036611041588427	0.6558013180546323	0.39900510021608754	0.4497400759799445	2.099583375725171	1.524908724443481	1.204078693916037	2.4417617177331703
ZAM1_s30_OZS	1.0089952399585664	1.3062973600885546	2.737209966989501	2.514262678263844	0.13719876147500382	1.05683708475456	0.723575775471486	0.4554699526388876	0.0	0.9994780053717626	1.6017175201342864	2.4046803019466654	0.3028906965613538	2.528811383628271	1.551399985458847	2.5075883235902294	1.3308313403669565	2.394629834225426	2.4264783735254234	0.15190730574905692	0.606017139695858	1.160323953303171	0.4646728841124134	0.0336733131140973	0.38282527414578554	1.679835144388518	2.282395487211728	0.45093344854002276	1.003425938775587	2.1726745322651806	0.91687789736843	2.532641822959372	0.12024823161171738	0.47537609531646097	0.3582812157255094	0.18695736030105162	2.13883337783185	2.5683416126260443	1.0204180025373129	1.0853450170321812	0.8726111740413978	0.4390205028552172	0.48360745051827764	0.13678128987604626	0.4913140137592651	1.6919600065927287	0.9338795600970063	0.8439067692610039	2.449419061267791	0.16301052678105668	0.17461962075570156	0.3486720344188333	0.7458441011032336	2.1465891784788247	2.44312824579172	1.153663501224734	0.938005994611192	0.9990049680037272	0.2474686804491736	0.17920757869418252	0.20040441167316267	0.06061565305019329	0.1045906965052719	1.6542340789947791	1.0755887046065828	0.7511191584593184	1.9950569228679942
ZAM1_s31_OZS	0.031077150475890578	0.3104057703623615	1.7569031265308932	1.5552738805437802	1.099357373843408	0.11192008363726241	1.7226742964282722	1.451283902465444	0.9994780053717626	0.0	0.6065799067856339	1.4445820838547574	0.6968264434617136	1.5618168905569574	0.5522402080403179	1.5429734093245562	0.3384840265562721	1.415475199447075	1.4416078879689282	1.0107966329080735	1.6054792855323248	0.4081352232487154	1.4585549970365312	0.9982910223668526	1.3768347797087181	0.6805842565229027	1.3093178491381907	0.5543466987452191	2.0027014478319494	1.1943450950394683	0.09594090225141139	1.5664022740857664	0.9653664436323033	0.5478879957882197	1.3577371271835486	1.1651934968388988	1.166695219929052	1.6062585254224755	0.03736555943794934	0.17590161520225348	0.14804875421740576	0.5793825979184177	0.6254476619803659	0.9782949900713817	0.5943114574261085	0.732912058756822	0.1157461748625081	0.15848325965600657	1.4659230638827627	0.8481010134848024	0.9513294145554365	1.3409642382374976	0.3869427429898178	1.185378115052931	1.4672333795625674	0.1731953237078576	0.09196473561149109	0.018709460203488196	0.8584794228007795	0.8515463569160252	0.8033621178694283	1.0530658017133552	1.0374443312990085	0.6638639484031067	0.08825129681084024	0.24896219137802078	0.9997441829157925
ZAM1_s32_OZS	0.6028806774697257	0.3279181551363182	1.1543912062600332	0.9710515618923452	1.705187883674846	0.546921650376592	2.3252392114171716	2.0493559140022235	1.6017175201342864	0.6065799067856339	0.0	0.8615249430846147	1.3003523128086703	0.9703041550900257	0.08340875807648587	0.9538096168351338	0.32034391838606335	0.8155101206836118	0.837655891578368	1.6173764084304902	2.207226360417675	0.5942023859517788	2.055589521277039	1.6022450966670458	1.9744348724723702	0.13997618056709157	0.715960479003974	1.160492026801922	2.6028785124699088	0.5976634746093151	0.6972772384606597	0.9754797227851506	1.5717281003949006	1.136610788620468	1.9592774536866617	1.7707549364371444	0.5774999231902201	1.018400015841099	0.5920553865219998	0.5824882582714364	0.7296803966075546	1.1708747276196927	1.1870920727423355	1.5693294506849187	1.1614166849573675	0.22850498665009988	0.6945050854910575	0.7650253416067758	0.8626769899947663	1.4533736696923645	1.5385118750183628	1.9381244938243603	0.9096434107939383	0.6091918166092484	0.8693672240407039	0.4485966244004314	0.6819548592390899	0.6103229349121251	1.4405845072972416	1.4460435118584845	1.408013080039101	1.653463801788354	1.643425266407539	0.06953257548846087	0.5264574305997571	0.8548059907094302	0.3935566817506017
ZAM1_s33_OZS	1.4470634048767264	1.1890671058105184	0.3662701492760784	0.11069270808925705	2.5202142633319857	1.3620058547482319	3.119847600179962	2.834173024634848	2.4046803019466654	1.4445820838547574	0.8615249430846147	0.0	2.11250856986017	0.13090821451904272	0.9375395829141989	0.10587155662171889	1.1815922017674048	0.1487761761717679	0.20633701717655434	2.4416693937617486	3.0003125163341	1.264178156327344	2.8377613000889435	2.410420572160037	2.75927440283187	0.8592383349978069	0.1585596515126433	1.9844922800348035	3.386906485645701	0.2748918830465882	1.5396040402132847	0.13281942033246516	2.392145204084288	1.9293769710739708	2.7547768474234045	2.5835421239290843	0.28440556586999854	0.16368115207052808	1.4371185559736686	1.443164334940082	1.544439336129616	1.9656684362570318	1.9475361531312743	2.3496786111955235	1.9291279824626162	0.7155723310179284	1.5442156801732485	1.6005075875913402	0.1954860496048861	2.2686914880614335	2.313452230983689	2.722527817105504	1.6670619882957105	0.25957196218670286	0.12400114454743259	1.273458441276177	1.5283544910766627	1.4519759228247473	2.2114941384550946	2.2359333528966183	2.2216363411497806	2.4507020717976338	2.460061873156251	0.7947339452882662	1.3579682444182972	1.6836925635200115	0.5275684967052643
ZAM1_s34_OZS	0.7061075341975737	1.0034192843005156	2.4404294702482554	2.2225708260759207	0.40789445459170376	0.7573431260474949	1.0258547677329826	0.7570531650660717	0.3028906965613538	0.6968264434617136	1.3003523128086703	2.11250856986017	0.0	2.235186125263329	1.2489469051672013	2.2145137261319654	1.028080979399192	2.097828343389095	2.1282670902173	0.3341682453017917	0.9087267635416008	0.8866749850476395	0.7653690591870873	0.3018927852614068	0.6833951048641596	1.3770154912222488	1.986917792868755	0.15141781730237566	1.306314023646409	1.8757909665513575	0.6140589263641509	2.2392082975378536	0.2815123260326689	0.19957655291351575	0.6611383126917045	0.4721043197530449	1.8433253311347992	2.2759880822597616	0.7175286882067854	0.7851935952947191	0.5727719677919066	0.16478879872761262	0.27473552016724695	0.30785740398135647	0.2620481021927096	1.397777532921704	0.6319514271851313	0.5410160872952456	2.151578523403184	0.15632551498898276	0.2963587252276162	0.6482309991460893	0.47678128833433253	1.8535712978639713	2.1471902904691635	0.8531037273358094	0.6354293897035908	0.6961597144871682	0.2425976341033892	0.1818450269777348	0.10912816483881466	0.35805427632207376	0.34756145877912664	1.3539381693795904	0.7739225897883018	0.4482725821081441	1.6938700770648496
ZAM1_s36_OZS	1.5630710830538757	1.2981551777025968	0.23712160070228067	0.06032851531069665	2.6430548825223905	1.4821502113748903	3.2454492701761937	2.960422325397338	2.528811383628271	1.5618168905569574	0.9703041550900257	0.13090821451904272	2.235186125263329	0.0	1.0433788031097426	0.02715911596841798	1.2886653689778034	0.17398109205603943	0.19729357479386617	2.5631104642171776	3.1259741561625733	1.392498729762448	2.964224394092586	2.5339808319774426	2.885459055319678	0.9555896247785903	0.25434388441634	2.105361830461856	3.5135822560922563	0.3732417725605299	1.6562673143353521	0.0072593903735161	2.5141105507286605	2.0537450240393094	2.880018919258473	2.7067330705104946	0.39526399550322505	0.05648865253620986	1.5529011138093345	1.5527750127956224	1.6654263512139136	2.089925712008053	2.0743556806674315	2.475786415254157	2.0554449805799524	0.8374099009133503	1.6590749958515743	1.7186689627527474	0.17256164995713955	2.3912002967554327	2.4399145459352636	2.84871550219765	1.7933527415731965	0.3823772413889664	0.11654240387696903	1.3919084670553956	1.6440576003807645	1.5685325851176792	2.3380958174526474	2.3611010149897056	2.3442969239747606	2.5754704735751828	2.5826261379039304	0.9053005737461085	1.4759374676954182	1.803179341676628	0.6138468383385203
ZAM1_s37_OZS	0.5452560571024544	0.2578408249297263	1.2211236139390105	1.0464018831117488	1.6511835639274115	0.5046662163750893	2.2747895763744337	2.001898033768858	1.551399985458847	0.5522402080403179	0.08340875807648587	0.9375395829141989	1.2489469051672013	1.0433788031097426	0.0	1.0277488919861066	0.24546826978704153	0.8850456326528438	0.9037618894391943	1.5609332561386444	2.15740958052173	0.5942521880475126	2.0087179678448543	1.5505180533790477	1.9272109357738447	0.13649326219749422	0.7892889192022775	1.1061744739156265	2.5542496257074183	0.6701430851956142	0.639390284245408	1.0487522584380609	1.5166146921772161	1.0919981749097618	1.9095671286459819	1.7171642771107967	0.6531375244328224	1.0925667221762976	0.5340854790996099	0.5114872716682327	0.6832066778792075	1.1253905263985808	1.1503652763517767	1.5248807733286733	1.1231719323532967	0.30865462070109506	0.6325141847996301	0.7096199263791504	0.9294512826646912	1.4002496730261116	1.4955295524307404	1.8911246201267502	0.8775518923100297	0.6878895166448682	0.9399555628958288	0.4053429719761717	0.6220422083842047	0.5539925348778666	1.3991780872081085	1.3999189041764808	1.3556000579556624	1.6044206998642958	1.589169918179256	0.15237129083554532	0.4771872063570189	0.8011744485675245	0.4521273836929245
ZAM1_s38_OZS	1.544622284948111	1.2817276555108106	0.2640024097948252	0.04193894409777615	2.6223384381884163	1.462321718541444	3.2236339567765087	2.9383176443243664	2.5075883235902294	1.5429734093245562	0.9538096168351338	0.10587155662171889	2.2145137261319654	0.02715911596841798	1.0277488919861066	0.0	1.2728087080898427	0.1697924751991787	0.20159661749223243	2.5429113725962726	3.1041309040202436	1.3693502701347928	2.9420233667937996	2.5129831904069433	2.8633818832475506	0.9424093212341552	0.23859546239956603	2.085343150596653	3.4912913320223313	0.3581596410337781	1.637623760028823	0.027289786068965035	2.493717064320656	2.032407463650828	2.8583499894875866	2.6858846595850188	0.3772778411289465	0.06499822973861206	1.534521967766784	1.5362689370492761	1.645327336314081	2.06863425509987	2.051970659255491	2.4537342412594882	2.033287014708025	0.8168311681101317	1.6410050643747893	1.6995439133829109	0.17895697217411868	2.3705989564762886	2.417703084865893	2.826636277696962	1.7711952929962387	0.3610306831840393	0.11506929214734207	1.372636241121845	1.6257192349455807	1.5499092775103085	2.3158184660603767	2.3394490710624067	2.323636316809262	2.5539908461874945	2.5620120611168784	0.8882555358147731	1.4568393311300318	1.7836173475398915	0.6025973902845587
ZAM1_s49_OZA	0.3237673234926653	0.0348332196309218	1.4656427772485023	1.2908677439580432	1.4240197392291922	0.32884217256877063	2.0519475316981994	1.7848292676822013	1.3308313403669565	0.3384840265562721	0.32034391838606335	1.1815922017674048	1.028080979399192	1.2886653689778034	0.24546826978704153	1.2728087080898427	0.0	1.1304137066799462	1.1482477428917204	1.3302411451475973	1.9358544299773084	0.5339292226837518	1.7926843475624952	1.3274885747558458	1.710787814104	0.3558210252202502	1.0344710463116515	0.8810956537110985	2.333973581155449	0.9154660249404523	0.4140713682362984	1.2939967961100312	1.2881123232318925	0.8862308526283535	1.6888009425998456	1.490472353901934	0.8973458244025844	1.3375609698821638	0.31228395468037495	0.2670960003500973	0.4829428194531349	0.9173435938607125	0.9613805140098189	1.3154976044196738	0.9311160166402693	0.5144694408095728	0.39930288621053084	0.4877647459000853	1.1741517571386153	1.1754809565680038	1.2892798537855046	1.675225460859241	0.7063567912718514	0.9294044011750142	1.1854109950802483	0.24223267761916342	0.3930080736330755	0.3352116493658034	1.1969252613065469	1.1880461624719032	1.1322827234845658	1.3859046666071488	1.3617959463919105	0.38847668397729324	0.2834206895483388	0.581085744373234	0.6944781383257409
ZAM1_s50_OZA	1.4147950216849707	1.1419430439388736	0.34261869219495694	0.2057369542621323	2.5054876585057375	1.3413179673257467	3.1147148641399367	2.832065224832256	2.394629834225426	1.415475199447075	0.8155101206836118	0.1487761761717679	2.097828343389095	0.17398109205603943	0.8850456326528438	0.1697924751991787	1.1304137066799462	0.0	0.0641469591193179	2.422523983094257	2.995534354516359	1.2764513426453434	2.8365995916983446	2.3983106973068207	2.7569653557586324	0.7902409759503192	0.12051640315847374	1.9642916024119788	3.3862172880149823	0.22203751145259146	1.5087282128777262	0.1808213931441826	2.3747142819247586	1.921035064679765	2.748541450938263	2.569929320339035	0.2587768661630776	0.23007663053575558	1.404317336869461	1.3963304412250273	1.5256614640023909	1.9568345544314905	1.9494125151096255	2.3475739479173954	1.9287394672059703	0.7052983445225768	1.5088431210707591	1.5734144671856547	0.06790383303746919	2.2531992090690234	2.3129750384985517	2.7202737859273904	1.6672566125871062	0.2724128779950376	0.05809700757029766	1.2482723663268782	1.4950878680253024	1.4210856456044305	2.211823584459427	2.2301004133799593	2.206719656052427	2.4429818363587836	2.4444892418920445	0.7531602591683724	1.331123108752989	1.66007281171872	0.44540994033352965
ZAM1_s51_OZA	1.4396476864403225	1.1615206098868744	0.31739718684820795	0.24198408155447543	2.535464293959854	1.3709921576942228	3.1478465523974912	2.8664770501839545	2.4264783735254234	1.4416078879689282	0.837655891578368	0.20633701717655434	2.1282670902173	0.19729357479386617	0.9037618894391943	0.20159661749223243	1.1482477428917204	0.0641469591193179	0.0	2.4508753969117	3.0288671288545115	1.3179933711939167	2.8713500621732373	2.4293825904458424	2.791356752188512	0.8019694514386573	0.17456357361883282	1.9927933226766301	3.420827438849738	0.2581112319442059	1.5338874583777053	0.2045508815176933	2.4037790207343255	1.9540914223070462	2.781504762771115	2.600273097305127	0.30201185822284754	0.25300608084156584	1.4289832837934264	1.4150683666879442	1.5555560933205406	1.9896568754398454	1.986098513274701	2.3823825498491797	1.9646564116703311	0.7424206832027617	1.5321536682514443	1.5999376100323273	0.027933318039562	2.2831400919497784	2.3484012187574645	2.7547117468164126	1.7038079882913766	0.3254482883119447	0.08999244513809143	1.2765151602869313	1.5193054758119684	1.4464811002018252	2.2476424726909534	2.2636791470061586	2.2369338932574876	2.475650250094811	2.4741994781114314	0.7777915484122733	1.3584218407704758	1.687779411583861	0.4558815937737695
ZAM1_s52_OZA	1.0157717588573045	1.3087129621224758	2.7648255865518454	2.551987290357511	0.10949466084167185	1.0814954218933714	0.7331611862787096	0.501772742063176	0.15190730574905692	1.0107966329080735	1.6173764084304902	2.4416693937617486	0.3341682453017917	2.5631104642171776	1.5609332561386444	2.5429113725962726	1.3302411451475973	2.422523983094257	2.4508753969117	0.0	0.6235702094549519	1.2206512743286433	0.5152858643993835	0.11829031227298266	0.43901506251480155	1.6844749344368557	2.3132949185965557	0.45823245532449913	1.0192800154445305	2.2006456138303423	0.92154688345819	2.567292355662606	0.056145469156360726	0.5311701056318486	0.391108289673691	0.17237017824556142	2.169835679187525	2.6048970978013974	1.0268889502962228	1.0734206812491256	0.8977139682175855	0.49504355470785083	0.5736680060686513	0.2868756215184185	0.5730281620477177	1.7261971604658815	0.9310938239858265	0.8523738506336622	2.4747474276475265	0.18078379538458972	0.3211152826361583	0.4117380300499485	0.8091478621478718	2.1823313040432883	2.4728911069089654	1.1744687833931886	0.9394199871134119	1.0075137177708402	0.3757417229043834	0.2889033228074583	0.22791454258013208	0.18868299754918877	0.06240590825648995	1.673866733140906	1.0925639224418517	0.7631852121164328	2.010422140141655
ZAM1_s53_OZA	1.6147298926689135	1.911789844548799	3.337836635573758	3.109152187539095	0.5189386273238674	1.6614835228846034	0.11961544763053922	0.17296211047871432	0.606017139695858	1.6054792855323248	2.207226360417675	3.0003125163341	0.9087267635416008	3.1259741561625733	2.15740958052173	3.1041309040202436	1.9358544299773084	2.995534354516359	3.0288671288545115	0.6235702094549519	0.0	1.7432771833283212	0.17573541888468336	0.6083931191746965	0.2445873591892743	2.285737162078736	2.881960231242839	1.0548201965326827	0.3984893608246354	2.7738627667340805	1.5222349056891615	3.1295743447207633	0.6556396246659366	1.0747757074848387	0.2479501084012658	0.45262543754926204	2.7386011786859195	3.163943206142112	1.626133805328654	1.6865906362725689	1.4776868077126415	1.0392677219287718	1.0554973701919061	0.6513010616492759	1.0718529464738578	2.2910976184196006	1.5377572319702013	1.4496113534593162	3.051402551056531	0.7608510698812432	0.6892018385561928	0.28083150158448944	1.3335967782485836	2.7436208222898704	3.0430375967542975	1.7588590422717796	1.5428502689685617	1.6048754365875753	0.7915456092426043	0.7654425929227263	0.8035721183170029	0.5538892354927962	0.5803773141670303	2.258967695528404	1.6813828916215796	1.3569936844831771	2.6003607892869196
ZAM1_s54_OZA	0.4353788705834598	0.5004225296664755	1.6140199982234464	1.3712453102900735	1.2851825036497333	0.30163681119920194	1.8628672300690199	1.574729360479005	1.160323953303171	0.4081352232487154	0.5942023859517788	1.264178156327344	0.8866749850476395	1.392498729762448	0.5942521880475126	1.3693502701347928	0.5339292226837518	1.2764513426453434	1.3179933711939167	1.2206512743286433	1.7432771833283212	0.0	1.5774227093044275	1.1706535248321228	1.5002504291685135	0.7244665867834825	1.1582313206262684	0.7851030093032975	2.1253137587429607	1.05994045282273	0.4776329002692632	1.3955365675028166	1.167047444946309	0.690517775673933	1.5006556679954761	1.3448791403422757	1.0178617196211632	1.4270384757948948	0.4349198732815771	0.5577683623146333	0.3940363044338846	0.7270511053049352	0.6877807734895263	1.092156562239127	0.6727062674623364	0.5797563512319129	0.5156989545304331	0.4919704048192487	1.3375551467411986	1.0408035480435396	1.0541822278403863	1.4635621226851003	0.4145844138736039	1.0126985311721994	1.3188902193775724	0.3190961167596494	0.489170638020047	0.426526509820209	0.9518462081748286	0.9852069419895068	0.9932630065863479	1.2011747317814065	1.2282657228487102	0.6146555762538385	0.35198990024048865	0.5342917991135795	0.9403356894180456
ZAM1_s55_OZA	1.469676024063444	1.767282086522016	3.1784459358398442	2.946124701856868	0.40584301839906856	1.5087546264910605	0.2912202757722914	0.01848230754958212	0.4646728841124134	1.4585549970365312	2.055589521277039	2.8377613000889435	0.7653690591870873	2.964224394092586	2.0087179678448543	2.9420233667937996	1.7926843475624952	2.8365995916983446	2.8713500621732373	0.5152858643993835	0.17573541888468336	1.5774227093044275	0.0	0.4738084730364896	0.08197834154939347	2.1389816674305564	2.722020891019587	0.9150662203376757	0.5496278799197024	2.615351311910733	1.3786604914161342	2.9676818390730024	0.5359467302197495	0.919388321784237	0.12807886689966935	0.3452730081020169	2.5789357464933156	3.001261309113566	1.4811442746880392	1.549752357696502	1.3262804878922794	0.8847758014777739	0.8904465632715436	0.48903091788174957	0.9087875748457279	2.1314450273477674	1.3973186478921125	1.3049819122659259	2.8934458430286907	0.6261276133569481	0.5243203446229944	0.11760444516027875	1.1708740677542246	2.582086829126944	2.883244785216083	1.6070425825116996	1.4005428061775291	1.4591409265805995	0.6263010150371905	0.6095748627706479	0.665076878397224	0.4074167118604956	0.46233692271796195	2.105410825128596	1.5316166698549187	1.21174640380509	2.447749234568586
ZAM1_s56_OZA	1.006811463593122	1.3035921765940928	2.7409287451690756	2.5202036755015023	0.1168936281023997	1.058766962857415	0.7246808256423396	0.46350489193257566	0.0336733131140973	0.9982910223668526	1.6022450966670458	2.410420572160037	0.3018927852614068	2.5339808319774426	1.5505180533790477	2.5129831904069433	1.3274885747558458	2.3983106973068207	2.4293825904458424	0.11829031227298266	0.6083931191746965	1.1706535248321228	0.4738084730364896	0.0	0.39254649707022854	1.677961983315639	2.28671516751798	0.44642730220331267	1.0066946734333209	2.1762906676726756	0.9140267180570014	2.537891918993306	0.08855563131674121	0.48254593365701626	0.3620326152150696	0.1742836856251771	2.143120183567219	2.5740333348133095	1.0181881211869754	1.0791721752556935	0.8742571506907756	0.4459567583584538	0.4995335343082664	0.16943175844690347	0.5051170390508377	1.6967459276492824	0.9294157793227423	0.8417160250187057	2.4525402165393815	0.1530500500135623	0.20586474676937966	0.35969223149694246	0.7560980406792955	2.151952722892963	2.4472464311336397	1.1548743461976598	0.9344805437297246	0.9971882101749067	0.27277713430244116	0.19743963362223205	0.19524150790785688	0.08336823240540278	0.07429300744288597	1.6556924268120354	1.075812351156655	0.7494466724938618	1.9957609769887041
ZAM1_s67_OZS	1.3878401441119264	1.6854435301608623	3.0989574332751983	2.867823858748662	0.32961436013593975	1.4276802196855138	0.36356421381242077	0.07512105609929573	0.38282527414578554	1.3768347797087181	1.9744348724723702	2.75927440283187	0.6833951048641596	2.885459055319678	1.9272109357738447	2.8633818832475506	1.710787814104	2.7569653557586324	2.791356752188512	0.43901506251480155	0.2445873591892743	1.5002504291685135	0.08197834154939347	0.39254649707022854	0.0	2.0573140241457066	2.642662731399023	0.8331015465890607	0.6295083988237717	2.535588928874653	1.2967506722683633	2.888966153925565	0.45686432100430924	0.8385763723573293	0.07302075468567565	0.27215781034368436	2.4994871283894087	2.922832392513403	1.399306200747513	1.4677968507581738	1.244982977545787	0.8037831205697679	0.8126836326563615	0.4096835008564174	0.8301518602439859	2.051950567653364	1.3153433075006973	1.2231074574755967	2.8135613372337325	0.5445560374310813	0.4461846252671064	0.03674658904362609	1.09221390647005	2.503222601710626	2.8038544142029123	1.5258541665907914	1.3185966347362044	1.3773420562685463	0.5484609371921819	0.5286196823216905	0.5832178506833637	0.32543993543799793	0.38414748174576036	2.0245537785961676	1.4501639720931434	1.1298893740260936	2.366771866595832
ZAM1_s69_OZS	0.6711588825883598	0.3757701779006985	1.1184564247028213	0.9650281955459531	1.7767496264344549	0.6391204526007428	2.40261536542999	2.1318202418142778	1.679835144388518	0.6805842565229027	0.13997618056709157	0.8592383349978069	1.3770154912222488	0.9555896247785903	0.13649326219749422	0.9424093212341552	0.3558210252202502	0.7902409759503192	0.8019694514386573	1.6844749344368557	2.285737162078736	0.7244665867834825	2.1389816674305564	1.677961983315639	2.0573140241457066	0.0	0.7048035387379517	1.232334367488446	2.6831916181046327	0.5854089482481525	0.764369084341866	0.9614434466510964	1.6414052228737783	1.2242166458159645	2.0381163025331053	1.8430005445166746	0.5779071898342932	1.007377476282426	0.6597960298985313	0.6213608745702872	0.8154227336296952	1.2571471186426377	1.285351844477009	1.656739603646972	1.2577577341074577	0.3342089850245702	0.7535414796677694	0.8362461564180698	0.8286744124672834	1.5268280759131074	1.6280906174795577	2.02137972103248	1.0136179994358472	0.6232008034643367	0.8469625783643447	0.53993808393831	0.7452816285827548	0.680862857289978	1.5324664474664846	1.5310324870495358	1.4827816385887627	1.7336429122641288	1.714597770044696	0.16664669554421901	0.6090252374135655	0.9287440196796336	0.3461461299340233
ZAM1_s70_OZS	1.309967601340062	1.0438149561821286	0.45674251073466393	0.26036588913472464	2.394779005672787	1.2318182587285562	3.0012675389501267	2.7177304315375004	2.282395487211728	1.3093178491381907	0.715960479003974	0.1585596515126433	1.986917792868755	0.25434388441634	0.7892889192022775	0.23859546239956603	1.0344710463116515	0.12051640315847374	0.17456357361883282	2.3132949185965557	2.881960231242839	1.1582313206262684	2.722020891019587	2.28671516751798	2.642662731399023	0.7048035387379517	0.0	1.8552010619626749	3.271638214446112	0.11964854370147308	1.4034184819612106	0.25956178233608923	2.2648649551475857	1.8080553433741382	2.6353090126455343	2.4588803856525097	0.14359914224770895	0.303536537700598	1.2997069667391163	1.298432131745618	1.4157058371615987	1.8440208847327537	1.8337578600219244	2.233083043173305	1.8136198162741533	0.5908635834361239	1.4054943281653398	1.4666205006056239	0.1867610138197139	2.1426367804576327	2.1980557013175837	2.605946265987093	1.551828071740487	0.15205617047231	0.16126729449777077	1.1403127185995174	1.3907896827582036	1.3156784436734101	2.0966634523746346	2.116565844960828	2.0959435782931184	2.3300735359611786	2.3340377365311706	0.6510898104988672	1.2239387318464345	1.5520116125448713	0.3694083288898698
ZAM1_s71_OZS	0.561334857244266	0.8574577689097036	2.306600501316337	2.094927921215138	0.5450392019944637	0.6233878916668127	1.1708773290652368	0.9062734672572816	0.45093344854002276	0.5543466987452191	1.160492026801922	1.9844922800348035	0.15141781730237566	2.105361830461856	1.1061744739156265	2.085343150596653	0.8810956537110985	1.9642916024119788	1.9927933226766301	0.45823245532449913	1.0548201965326827	0.7851030093032975	0.9150662203376757	0.44642730220331267	0.8331015465890607	1.232334367488446	1.8552010619626749	0.0	1.4530775340315456	1.742418152368478	0.46800509586422584	2.1095987514498273	0.41129454851273023	0.16369911444048732	0.808087296491542	0.6109939049699344	1.7117826318118088	2.1475473381150594	0.5726438162866466	0.6347205093925556	0.4400568327818383	0.15163684027157492	0.2927594915294818	0.4573940291273233	0.26444896603122503	1.2689199508012288	0.4831289449926414	0.3965605857413943	2.016598267354445	0.29453262982965817	0.44226488656996504	0.7982647117222368	0.3958412582638278	1.725021352992147	2.014701504392171	0.7163026791705537	0.488095523756169	0.5522041259083035	0.3740204014275369	0.3292505704443016	0.25131946861459137	0.5077015122441418	0.4830984392136562	1.2161471564066644	0.6347789972284331	0.3056863096243375	1.5539058062603839
ZAM1_s72_OZS	2.0124209166782396	2.309677251000753	3.7280735785187886	3.495087192471694	0.9164213069858705	2.056434752551403	0.2863057374330837	0.554389783500269	1.003425938775587	2.0027014478319494	2.6028785124699088	3.386906485645701	1.306314023646409	3.5135822560922563	2.5542496257074183	3.4912913320223313	2.333973581155449	3.3862172880149823	3.420827438849738	1.0192800154445305	0.3984893608246354	2.1253137587429607	0.5496278799197024	1.0066946734333209	0.6295083988237717	2.6831916181046327	3.271638214446112	1.4530775340315456	0.0	3.164937692884756	1.9201820503467084	3.5170045200358215	1.053352490215812	1.4678687323890613	0.6452116235984042	0.8498420426255586	3.128562516757971	3.5503444721568074	2.023842711538736	2.085074622865184	1.8732051610236498	1.4328735791392888	1.4393727061708794	1.0386434922773768	1.4582551097128913	2.681072745858981	1.9361101427174763	1.847328088173319	3.442984866468761	1.159289536115304	1.0737349548747848	0.6661266592030958	1.7203038111819022	3.131521042519999	3.4328657857007654	2.1543025811379017	1.9409998893230085	2.0024072491677405	1.1754866474091163	1.1578789076008744	1.2017727214698386	0.9498340383358835	0.9781778886085012	2.6536245937705143	2.077686838371463	1.7545297707060203	2.9955956741759686
ZAM1_s73_OZS	1.1942073880158095	0.9253039867839975	0.5646496274866155	0.379621481178523	2.2834562557940368	1.1193460676768578	2.892999443512562	2.610698689570233	2.1726745322651806	1.1943450950394683	0.5976634746093151	0.2748918830465882	1.8757909665513575	0.3732417725605299	0.6701430851956142	0.3581596410337781	0.9154660249404523	0.22203751145259146	0.2581112319442059	2.2006456138303423	2.7738627667340805	1.05994045282273	2.615351311910733	2.1762906676726756	2.535588928874653	0.5854089482481525	0.11964854370147308	1.742418152368478	3.164937692884756	0.0	1.287951689481964	0.37865739979905694	2.1527462183536983	1.6992527091806058	2.5267782773909095	2.3478918181503885	0.05472906876288118	0.42312981178406295	1.1838253371050107	1.1799433937360866	1.3036561976089316	1.7350081497680996	1.7289822054449089	2.1263224935928275	1.7079184155929634	0.4848283785645376	1.2889961264741985	1.3520892929478987	0.2785998453217764	2.0311716187637296	2.0919651399869705	2.49891132395641	1.446724623124642	0.11596953938040468	0.2729150663869916	1.0265599540909784	1.2747626650645811	1.2002501098377938	1.9909799986627619	2.0084585686730203	1.9846845138982	2.2211499169441313	2.222469557437861	0.5336506848897867	1.1096336702827685	1.4383921202921317	0.2542723290128864
ZAM1_s74_OZS	0.09441558885975385	0.3895673867733367	1.8497083761671214	1.650287896560784	1.0124666447628763	0.19948598282455524	1.6386857763673837	1.3707620670135243	0.91687789736843	0.09594090225141139	0.6972772384606597	1.5396040402132847	0.6140589263641509	1.6562673143353521	0.639390284245408	1.637623760028823	0.4140713682362984	1.5087282128777262	1.5338874583777053	0.92154688345819	1.5222349056891615	0.4776329002692632	1.3786604914161342	0.9140267180570014	1.2967506722683633	0.764369084341866	1.4034184819612106	0.46800509586422584	1.9201820503467084	1.287951689481964	0.0	1.6609107380562627	0.8774392275155052	0.47920807547782096	1.274972695995488	1.0786633441617843	1.2610453166048075	1.7010456209745322	0.10539316453658962	0.19403461906034983	0.12661909792790152	0.508132182729634	0.5706904533026488	0.9035020969380531	0.5375761412040748	0.8286422855111936	0.04734699358881018	0.07467995935731936	1.5584359448475278	0.7625321938413053	0.8788714386453309	1.2612304212767251	0.3640294780131179	1.2805411382858591	1.5608665249050682	0.26913606829311026	0.02791359234786426	0.08774163903235076	0.7894940764551843	0.7753717499463648	0.7187861409385606	0.9718336983471405	0.9503496174275247	0.756177114018296	0.1841477873674592	0.1677424292505395	1.0894356370312472
ZAM1_s75_OZS	1.5677672321963614	1.3033573503501343	0.2369759042208469	0.05557114750607531	2.6470644121751326	1.4864398169918034	3.249060676813096	2.9639186653355254	2.532641822959372	1.5664022740857664	0.9754797227851506	0.13281942033246516	2.2392082975378536	0.0072593903735161	1.0487522584380609	0.027289786068965035	1.2939967961100312	0.1808213931441826	0.2045508815176933	2.567292355662606	3.1295743447207633	1.3955365675028166	2.9676818390730024	2.537891918993306	2.888966153925565	0.9614434466510964	0.25956178233608923	2.1095987514498273	3.5170045200358215	0.37865739979905694	1.6609107380562627	0.0	2.5182283144557	2.0575307154502998	2.8836853534499745	2.710697333547118	0.4000069266322044	0.049416343333440665	1.5576162377526772	1.5579642127034645	1.6696329009105535	2.0937285323038877	2.0777333056346836	2.4793017566247517	2.058915403825951	0.841437224777478	1.6638753797925412	1.7231751734959029	0.1798136742446071	2.39524765749947	2.4433655950818784	2.852221644431209	1.7968212385198814	0.386087858703421	0.12352173903260867	1.3963659546087082	1.6487853165198383	1.5731803382064797	2.3415194460595075	2.3647714771344126	2.348323850567201	2.5792069110221245	2.5866702764868217	0.9103416564988437	1.4804478219120458	1.8075558781986771	0.6199972898667477
ZAM2_s11_OZD	0.9713818202626554	1.2658191155090572	2.7171630195542873	2.502359770306977	0.13699415109288346	1.0334002880664865	0.7681137542333272	0.5237614028202879	0.12024823161171738	0.9653664436323033	1.5717281003949006	2.392145204084288	0.2815123260326689	2.5141105507286605	1.5166146921772161	2.493717064320656	1.2881123232318925	2.3747142819247586	2.4037790207343255	0.056145469156360726	0.6556396246659366	1.167047444946309	0.5359467302197495	0.08855563131674121	0.45686432100430924	1.6414052228737783	2.2648649551475857	0.41129454851273023	1.053352490215812	2.1527462183536983	0.8774392275155052	2.5182283144557	0.0	0.476943820528239	0.41603021650671446	0.2036906351114417	2.1213363926401243	2.5554931870696795	0.9825919018703767	1.0338341346424094	0.8491914068955412	0.4406530627977105	0.5175298665761794	0.246728422458513	0.5170675568619911	1.676892102228342	0.8888166734993129	0.8072104589473358	2.427468269082313	0.1262695100255216	0.2771117881812077	0.4267516409525496	0.7547925039980984	2.132952956523305	2.4247295105044753	1.1272811627061345	0.8961307758816792	0.9627093262752805	0.323891927877665	0.2349262187119058	0.17378445242413804	0.17043722046318688	0.07528212685927792	1.62740496489548	1.0460525078879912	0.716950926653289	1.9650771922616923
ZAM2_s12_OZD	0.5633807156890526	0.8582222206370328	2.2634735311820764	2.038911999636686	0.595552606838338	0.5896929604769253	1.1937965161777808	0.9136359587503083	0.47537609531646097	0.5478879957882197	1.136610788620468	1.9293769710739708	0.19957655291351575	2.0537450240393094	1.0919981749097618	2.032407463650828	0.8862308526283535	1.921035064679765	1.9540914223070462	0.5311701056318486	1.0747757074848387	0.690517775673933	0.919388321784237	0.48254593365701626	0.8385763723573293	1.2242166458159645	1.8080553433741382	0.16369911444048732	1.4678687323890613	1.6992527091806058	0.47920807547782096	2.0575307154502998	0.476943820528239	0.0	0.8275275416069705	0.6566756486223297	1.6645654320389522	2.093046838557597	0.5747926275467987	0.6675051145673576	0.4088607456701095	0.03664155409055818	0.1350775429957062	0.43296761044423	0.10313056381953616	1.2173236043830713	0.508331751843308	0.40477905451754903	1.976650995048567	0.3506888906327581	0.4039712480987015	0.8021091727991432	0.2779888780256031	1.671449998141605	1.9689720534365467	0.6883727159302875	0.5045886541212826	0.5512949159759761	0.3108645909001264	0.3099915440663284	0.30329653235619297	0.5220207141124023	0.5379128325512001	1.1860235290458954	0.6152101478907507	0.3140389710881243	1.5284014968465214
ZAM2_s14_OZD	1.3672403922559324	1.6644665045770828	3.0909426867371597	2.863851922128815	0.2823304548827802	1.413601868508838	0.3663844206926738	0.11245288821813094	0.3582812157255094	1.3577371271835486	1.9592774536866617	2.7547768474234045	0.6611383126917045	2.880018919258473	1.9095671286459819	2.8583499894875866	1.6888009425998456	2.748541450938263	2.781504762771115	0.391108289673691	0.2479501084012658	1.5006556679954761	0.12807886689966935	0.3620326152150696	0.07302075468567565	2.0381163025331053	2.6353090126455343	0.808087296491542	0.6452116235984042	2.5267782773909095	1.274972695995488	2.8836853534499745	0.41603021650671446	0.8275275416069705	0.0	0.2193951247606161	2.4918788578202276	2.918443934192635	1.3786576763059772	1.4411882359568884	1.2297543054348807	0.7918549961788612	0.8134579475389843	0.4093414086057711	0.8281212044497734	2.0444673154627258	1.291207838235296	1.2021377568806235	2.804140365216237	0.5150021559003906	0.449378875901322	0.07926740621895564	1.0890967492800339	2.4976416779180624	2.796311207715964	1.5109239841389464	1.2958554727938114	1.3572817878057213	0.5511075081965637	0.5189189769028169	0.5567739109467447	0.306042318644046	0.3412123866084196	2.011096039652272	1.4334480941747336	1.109394348311627	2.352425907503847
ZAM2_s15_OZD	1.1722548797503036	1.4676921510857388	2.9125324200103266	2.6934309775160696	0.06671536267490984	1.2292859253645236	0.5644378979895887	0.33099869970798196	0.18695736030105162	1.1651934968388988	1.7707549364371444	2.5835421239290843	0.4721043197530449	2.7067330705104946	1.7171642771107967	2.6858846595850188	1.490472353901934	2.569929320339035	2.600273097305127	0.17237017824556142	0.45262543754926204	1.3448791403422757	0.3452730081020169	0.1742836856251771	0.27215781034368436	1.8430005445166746	2.4588803856525097	0.6109939049699344	0.8498420426255586	2.3478918181503885	1.0786633441617843	2.710697333547118	0.2036906351114417	0.6566756486223297	0.2193951247606161	0.0	2.3152824988620884	2.7471125853420775	1.1835376927456085	1.2372929382609734	1.0447174834355835	0.6200626945740697	0.6705597488809102	0.2973089467154039	0.6778427471842714	1.8693612558707882	1.091298781657541	1.0075544881672132	2.6236371337566555	0.3174211462835069	0.3407007169969109	0.24886972508822747	0.9303051889557691	2.3248725744284373	2.6192276601159663	1.3245432033728766	1.0979690984262191	1.163197572185581	0.42843692833106606	0.36613832480188974	0.36334119536525883	0.16379471057504566	0.12888335784428537	1.8252859939812047	1.244425396147907	0.9162938383545576	2.164294398924757
ZAM2_s16_OZD	1.1678100025064972	0.9052868887016984	0.5995201484334088	0.3935595449286617	2.2511902798211954	1.0883950151747384	2.8578838379604816	2.574566193963424	2.13883337783185	1.166695219929052	0.5774999231902201	0.28440556586999854	1.8433253311347992	0.39526399550322505	0.6531375244328224	0.3772778411289465	0.8973458244025844	0.2587768661630776	0.30201185822284754	2.169835679187525	2.7386011786859195	1.0178617196211632	2.5789357464933156	2.143120183567219	2.4994871283894087	0.5779071898342932	0.14359914224770895	1.7117826318118088	3.128562516757971	0.05472906876288118	1.2610453166048075	0.4000069266322044	2.1213363926401243	1.6645654320389522	2.4918788578202276	2.3152824988620884	0.0	0.4414613784922758	1.1576371213244905	1.15963939900338	1.2722016767099507	1.700509579779009	1.6911047175822658	2.0899565231096062	1.670713434208303	0.4475487060534621	1.2638757085186938	1.323756946051538	0.32011246831132334	1.9990572366198347	2.0550819119200407	2.4627774589745974	1.4090480331712154	0.06980234486731474	0.30443775358605923	0.9972274960276312	1.248795220583069	1.1733068684211105	1.9537852700942835	1.9731821711029742	1.9523548198579912	2.1865861282091466	2.190461818893801	0.5112834485349012	1.0810345350560504	1.4088130317859135	0.2642372955706888
ZAM2_s17_OZD	1.6081870996133574	1.3463130921617616	0.22987793339556764	0.05724318606527395	2.6837317568640824	1.5247808295247	3.2834837122864053	2.9977177412338567	2.5683416126260443	1.6062585254224755	1.018400015841099	0.16368115207052808	2.2759880822597616	0.05648865253620986	1.0925667221762976	0.06499822973861206	1.3375609698821638	0.23007663053575558	0.25300608084156584	2.6048970978013974	3.163943206142112	1.4270384757948948	3.001261309113566	2.5740333348133095	2.922832392513403	1.007377476282426	0.303536537700598	2.1475473381150594	3.5503444721568074	0.42312981178406295	1.7010456209745322	0.049416343333440665	2.5554931870696795	2.093046838557597	2.918443934192635	2.7471125853420775	0.4414613784922758	0.0	1.598134019248431	1.6008139657192286	1.7074933736317337	2.1293329838750266	2.1109734940055533	2.5132572807028226	2.0926808954749396	0.8787025066136698	1.704803607322224	1.762594637343442	0.22763158980851755	2.4321453096866676	2.4769642365602444	2.886085864659327	1.830629290998384	0.4225658143537768	0.1729252766959949	1.4356044685561453	1.6893501677248346	1.6133535285249223	2.374977223755974	2.399606989516138	2.3851162001084196	2.6143832219323206	2.6235309770656507	0.9526523734287642	1.519937724450085	1.8462861018614611	0.6671809078357743
ZAM2_s18_OZD	0.011485789665547669	0.28613794488032884	1.7450122982975014	1.5477661761959922	1.1174197510654444	0.13392879697146742	1.7428606087957708	1.4735282355345407	1.0204180025373129	0.03736555943794934	0.5920553865219998	1.4371185559736686	0.7175286882067854	1.5529011138093345	0.5340854790996099	1.534521967766784	0.31228395468037495	1.404317336869461	1.4289832837934264	1.0268889502962228	1.626133805328654	0.4349198732815771	1.4811442746880392	1.0181881211869754	1.399306200747513	0.6597960298985313	1.2997069667391163	0.5726438162866466	2.023842711538736	1.1838253371050107	0.10539316453658962	1.5576162377526772	0.9825919018703767	0.5747926275467987	1.3786576763059772	1.1835376927456085	1.1576371213244905	1.598134019248431	0.0	0.13903161894722926	0.18188009182850104	0.6053975963758539	0.6566033554394288	1.0032234939642872	0.6249176865501248	0.728591825980559	0.10911845399587909	0.17652396653557703	1.4536258450709754	0.867075995737145	0.9772303359331441	1.3636175257572094	0.422854198691328	1.1784050151264764	1.4567166807493683	0.17466240368634567	0.09123612467597618	0.024566754702445414	0.8856532437867747	0.8757820720565012	0.8229920323482214	1.074820404204448	1.0553411532967698	0.6514381717440324	0.09490927349571927	0.26946026959044905	0.9840547534137948
ZAM2_s19_OZD	0.14518393049858866	0.2546397645102873	1.7324618410499704	1.5530404235471402	1.1705980589664413	0.2591386039956666	1.8010864296504812	1.5408100102138598	1.0853450170321812	0.17590161520225348	0.5824882582714364	1.443164334940082	0.7851935952947191	1.5527750127956224	0.5114872716682327	1.5362689370492761	0.2670960003500973	1.3963304412250273	1.4150683666879442	1.0734206812491256	1.6865906362725689	0.5577683623146333	1.549752357696502	1.0791721752556935	1.4677968507581738	0.6213608745702872	1.298432131745618	0.6347205093925556	2.085074622865184	1.1799433937360866	0.19403461906034983	1.5579642127034645	1.0338341346424094	0.6675051145673576	1.4411882359568884	1.2372929382609734	1.15963939900338	1.6008139657192286	0.13903161894722926	0.0	0.3079283878872496	0.694353567968172	0.7640256613651847	1.0835803088558902	0.7305689835747256	0.7543322174782647	0.1592283395661839	0.2651582322486128	1.440863685203739	0.926190234578062	1.0615472389118734	1.4329841087948976	0.5513249166199137	1.1881531497560458	1.4509206731643012	0.25609031314832303	0.16649967594776738	0.15943989876168616	0.9756167568664639	0.9545788792058304	0.8851176561826377	1.14241977229613	1.108414773707172	0.6484510116290884	0.20587512429923924	0.3534822421776316	0.9615739682738981
ZAM2_s20_OZD	0.17168502423549262	0.45308190117192493	1.8681882326107988	1.6548863679757757	0.9799728870166838	0.18457456868196503	1.595882882786163	1.319842116186258	0.8726111740413978	0.14804875421740576	0.7296803966075546	1.544439336129616	0.5727719677919066	1.6654263512139136	0.6832066778792075	1.645327336314081	0.4829428194531349	1.5256614640023909	1.5555560933205406	0.8977139682175855	1.4776868077126415	0.3940363044338846	1.3262804878922794	0.8742571506907756	1.244982977545787	0.8154227336296952	1.4157058371615987	0.4400568327818383	1.8732051610236498	1.3036561976089316	0.12661909792790152	1.6696329009105535	0.8491914068955412	0.4088607456701095	1.2297543054348807	1.0447174834355835	1.2722016767099507	1.7074933736317337	0.18188009182850104	0.3079283878872496	0.0	0.4422046877422696	0.4786091265462785	0.8416767296238612	0.44817338966329734	0.8288678312791493	0.17385751442120928	0.10244740304307987	1.578957488193151	0.7276462862194125	0.8126689078627125	1.2087470982125164	0.24345765189940613	1.2849645326428754	1.575541159065686	0.2811742437049124	0.15247495039193312	0.15736745640142763	0.7174644432786227	0.7169849862384629	0.6813777999401205	0.9238470888847675	0.9188551287436476	0.7816343419057488	0.2064015593946014	0.14675550037000962	1.1226741684580115
ZAM2_s31_OZA	0.5939475744442986	0.8897842721207454	2.2993115056843463	2.075242301639726	0.558911424465342	0.623990697087928	1.1581902553699233	0.8787956056977558	0.4390205028552172	0.5793825979184177	1.1708747276196927	1.9656684362570318	0.16478879872761262	2.089925712008053	1.1253905263985808	2.06863425509987	0.9173435938607125	1.9568345544314905	1.9896568754398454	0.49504355470785083	1.0392677219287718	0.7270511053049352	0.8847758014777739	0.4459567583584538	0.8037831205697679	1.2571471186426377	1.8440208847327537	0.15163684027157492	1.4328735791392888	1.7350081497680996	0.508132182729634	2.0937285323038877	0.4406530627977105	0.03664155409055818	0.7918549961788612	0.6200626945740697	1.700509579779009	2.1293329838750266	0.6053975963758539	0.694353567968172	0.4422046877422696	0.0	0.1413458276381895	0.39959424832869506	0.11510065210927291	1.2533521224701802	0.5354914578644704	0.4334909869957918	2.012288229325517	0.3144347907415092	0.3719624259690232	0.7673850621237068	0.314146608176205	1.7076566705089906	2.0048968064712147	0.7224214541316837	0.5329624022911303	0.5821611758006537	0.28151730580896617	0.2752014219871352	0.2671302175063055	0.4861472856142592	0.5013126237377172	1.220794400716334	0.6483242885421958	0.34154166063588604	1.562997607640517
ZAM2_s32_OZA	0.6455973005435827	0.931016957401787	2.2904722686185908	2.0557506703014337	0.6164176676549984	0.6463380879874459	1.1750903376897852	0.8873220362444337	0.48360745051827764	0.6254476619803659	1.1870920727423355	1.9475361531312743	0.27473552016724695	2.0743556806674315	1.1503652763517767	2.051970659255491	0.9613805140098189	1.9494125151096255	1.986098513274701	0.5736680060686513	1.0554973701919061	0.6877807734895263	0.8904465632715436	0.4995335343082664	0.8126836326563615	1.285351844477009	1.8337578600219244	0.2927594915294818	1.4393727061708794	1.7289822054449089	0.5706904533026488	2.0777333056346836	0.5175298665761794	0.1350775429957062	0.8134579475389843	0.6705597488809102	1.6911047175822658	2.1109734940055533	0.6566033554394288	0.7640256613651847	0.4786091265462785	0.1413458276381895	0.0	0.4044651584054345	0.035404137976573484	1.2442363199804216	0.6060005858518224	0.4990160486223106	2.0075167345499505	0.39740125240097945	0.36650546385572746	0.7759679808379163	0.2822911061661704	1.692473852846609	1.9950239583523186	0.7454205524085362	0.5977699414828068	0.6322040057992405	0.26423674599298813	0.30455282579122045	0.35462838620531845	0.518172550388019	0.5656627110893906	1.2310135642914328	0.6810465532850989	0.41571543980655656	1.573646981640831
ZAM2_s34_OZA	0.9917429317777556	1.2885363109413195	2.689455818035406	2.4583120015560764	0.2638363338269353	1.0224864034120023	0.7709161482635465	0.48469439347149057	0.13678128987604626	0.9782949900713817	1.5693294506849187	2.3496786111955235	0.30785740398135647	2.475786415254157	1.5248807733286733	2.4537342412594882	1.3154976044196738	2.3475739479173954	2.3823825498491797	0.2868756215184185	0.6513010616492759	1.092156562239127	0.48903091788174957	0.16943175844690347	0.4096835008564174	1.656739603646972	2.233083043173305	0.4573940291273233	1.0386434922773768	2.1263224935928275	0.9035020969380531	2.4793017566247517	0.246728422458513	0.43296761044423	0.4093414086057711	0.2973089467154039	2.0899565231096062	2.5132572807028226	1.0032234939642872	1.0835803088558902	0.8416767296238612	0.39959424832869506	0.4044651584054345	0.0	0.4206662281278371	1.6424459462214216	0.9268490164193653	0.8289487996596937	2.4044373975383553	0.22548730821776883	0.043651992292269154	0.3729445998789795	0.6826343753214711	2.093541138449469	2.39429244041795	1.1212893890885924	0.9270894544306086	0.9803789706339773	0.14202304634215535	0.12913350747635302	0.23830098579083095	0.13361077940314295	0.24107772937864075	1.6179253380953758	1.0478943763274042	0.735770987904266	1.9605867459221007
ZAM2_s35_OZA	0.6138337119802151	0.9011005928287392	2.270215552357104	2.037684787560164	0.6216776872795013	0.6186503718050161	1.1914639726110625	0.905046801065927	0.4913140137592651	0.5943114574261085	1.1614166849573675	1.9291279824626162	0.2620481021927096	2.0554449805799524	1.1231719323532967	2.033287014708025	0.9311160166402693	1.9287394672059703	1.9646564116703311	0.5730281620477177	1.0718529464738578	0.6727062674623364	0.9087875748457279	0.5051170390508377	0.8301518602439859	1.2577577341074577	1.8136198162741533	0.26444896603122503	1.4582551097128913	1.7079184155929634	0.5375761412040748	2.058915403825951	0.5170675568619911	0.10313056381953616	0.8281212044497734	0.6778427471842714	1.670713434208303	2.0926808954749396	0.6249176865501248	0.7305689835747256	0.44817338966329734	0.11510065210927291	0.035404137976573484	0.4206662281278371	0.0	1.2234411238520444	0.5722385763935688	0.46543854670933243	1.98632767381615	0.39426847505410556	0.38452047560533076	0.7934054016503165	0.26209420578146586	1.6733005584513452	1.9748765362857945	0.7179074706380052	0.5645021594864977	0.6005984622176351	0.2830842091165891	0.31361795480521965	0.3497208991646549	0.5291635663594673	0.5688760193424597	1.2064526093978192	0.6518741531856345	0.38123122400911796	1.549271959254936
ZAM2_s36_OZA	0.7379442967149045	0.5110661896486002	1.0470121709943565	0.8260295947515998	1.8056451262045192	0.6467484225566431	2.4104045784799957	2.127033401718937	1.6919600065927287	0.732912058756822	0.22850498665009988	0.7155723310179284	1.397777532921704	0.8374099009133503	0.30865462070109506	0.8168311681101317	0.5144694408095728	0.7052983445225768	0.7424206832027617	1.7261971604658815	2.2910976184196006	0.5797563512319129	2.1314450273477674	1.6967459276492824	2.051950567653364	0.3342089850245702	0.5908635834361239	1.2689199508012288	2.681072745858981	0.4848283785645376	0.8286422855111936	0.841437224777478	1.676892102228342	1.2173236043830713	2.0444673154627258	1.8693612558707882	0.4475487060534621	0.8787025066136698	0.728591825980559	0.7543322174782647	0.8288678312791493	1.2533521224701802	1.2442363199804216	1.6424459462214216	1.2234411238520444	0.0	0.8372169539948374	0.8869369160761834	0.7634229995315395	1.5538110637144462	1.6077012779822275	2.0152434815761824	0.9620196658810762	0.4561387607215546	0.751962936340484	0.5603162066980223	0.8194558640627454	0.7416204137072402	1.5065252420953	1.5257036826480084	1.5068903161978886	1.739318269023078	1.7452331320921155	0.17079924905413504	0.6453167551399173	0.9686740833180925	0.37504107272985004
ZAM2_s37_OZA	0.10081681396420603	0.37780521661409905	1.8487377827208629	1.6548099781866026	1.0248039312297175	0.22693455397733636	1.6533888228719187	1.3888974431442063	0.9338795600970063	0.1157461748625081	0.6945050854910575	1.5442156801732485	0.6319514271851313	1.6590749958515743	0.6325141847996301	1.6410050643747893	0.39930288621053084	1.5088431210707591	1.5321536682514443	0.9310938239858265	1.5377572319702013	0.5156989545304331	1.3973186478921125	0.9294157793227423	1.3153433075006973	0.7535414796677694	1.4054943281653398	0.4831289449926414	1.9361101427174763	1.2889961264741985	0.04734699358881018	1.6638753797925412	0.8888166734993129	0.508331751843308	1.291207838235296	1.091298781657541	1.2638757085186938	1.704803607322224	0.10911845399587909	0.1592283395661839	0.17385751442120928	0.5354914578644704	0.6060005858518224	0.9268490164193653	0.5722385763935688	0.8372169539948374	0.0	0.1072747236414135	1.5570987392369224	0.7769760862076781	0.9038674918493909	1.280160913011583	0.4090927150659423	1.2858417830683921	1.5617471147975708	0.2831687555309687	0.026609971971699637	0.10106086096522426	0.8169102804200112	0.7980879347779916	0.7344339436310025	0.9899568911781867	0.962571385207245	0.7556892429246425	0.20063473322353656	0.1942927949421173	1.0842887763725368
ZAM2_s38_OZA	0.1651195019583959	0.4624717058240383	1.91503750018215	1.7111895024870338	0.9415655851084823	0.2441025313692824	1.5663737247441922	1.2972418860909625	0.8439067692610039	0.15848325965600657	0.7650253416067758	1.6005075875913402	0.5410160872952456	1.7186689627527474	0.7096199263791504	1.6995439133829109	0.4877647459000853	1.5734144671856547	1.5999376100323273	0.8523738506336622	1.4496113534593162	0.4919704048192487	1.3049819122659259	0.8417160250187057	1.2231074574755967	0.8362461564180698	1.4666205006056239	0.3965605857413943	1.847328088173319	1.3520892929478987	0.07467995935731936	1.7231751734959029	0.8072104589473358	0.40477905451754903	1.2021377568806235	1.0075544881672132	1.323756946051538	1.762594637343442	0.17652396653557703	0.2651582322486128	0.10244740304307987	0.4334909869957918	0.4990160486223106	0.8289487996596937	0.46543854670933243	0.8869369160761834	0.1072747236414135	0.0	1.624183423736955	0.6908060137603107	0.8042010894501314	1.187496948442552	0.3101412792262992	1.3410712045272444	1.6249181343945018	0.32705252705158544	0.0999066125154602	0.15564614392531137	0.714895865573314	0.7009239813696619	0.6465478102142426	0.8984367188055702	0.8795663633545682	0.8222568675568298	0.24273258831689692	0.09335753240240861	1.158075723298016
ZAM2_s39_OZA	1.464250911285619	1.1871259296358474	0.29178036326578577	0.22012359575950122	2.5589230065614808	1.3944239262637605	3.170445731086838	2.888678282677737	2.449419061267791	1.4659230638827627	0.8626769899947663	0.1954860496048861	2.151578523403184	0.17256164995713955	0.9294512826646912	0.17895697217411868	1.1741517571386153	0.06790383303746919	0.027933318039562	2.4747474276475265	3.051402551056531	1.3375551467411986	2.8934458430286907	2.4525402165393815	2.8135613372337325	0.8286744124672834	0.1867610138197139	2.016598267354445	3.442984866468761	0.2785998453217764	1.5584359448475278	0.1798136742446071	2.427468269082313	1.976650995048567	2.804140365216237	2.6236371337566555	0.32011246831132334	0.22763158980851755	1.4536258450709754	1.440863685203739	1.578957488193151	2.012288229325517	2.0075167345499505	2.4044373975383553	1.98632767381615	0.7634229995315395	1.5570987392369224	1.624183423736955	0.0	2.306594447357776	2.370257848312686	2.776900380004064	1.7252449970590167	0.3387780559408632	0.07313728868127002	1.3002958365026815	1.5440576938559516	1.4709647461360569	2.2693660000732785	2.2861053188490383	2.260312762936457	2.498358087706542	2.497725253028383	0.8022612505469225	1.382448841990677	1.711752653047016	0.48253254005815166
ZAM2_s50_OZD	0.8557445242447502	1.1519848736324725	2.5957650334068303	2.3787862844429757	0.25232857783929236	0.9121713639097023	0.8764825864706284	0.616189641687303	0.16301052678105668	0.8481010134848024	1.4533736696923645	2.2686914880614335	0.15632551498898276	2.3912002967554327	1.4002496730261116	2.3705989564762886	1.1754809565680038	2.2531992090690234	2.2831400919497784	0.18078379538458972	0.7608510698812432	1.0408035480435396	0.6261276133569481	0.1530500500135623	0.5445560374310813	1.5268280759131074	2.1426367804576327	0.29453262982965817	1.159289536115304	2.0311716187637296	0.7625321938413053	2.39524765749947	0.1262695100255216	0.3506888906327581	0.5150021559003906	0.3174211462835069	1.9990572366198347	2.4321453096866676	0.867075995737145	0.926190234578062	0.7276462862194125	0.3144347907415092	0.39740125240097945	0.22548730821776883	0.39426847505410556	1.5538110637144462	0.7769760862076781	0.6908060137603107	2.306594447357776	0.0	0.23698194627754748	0.5109791510647406	0.6285813458058654	2.009691030037356	2.302785183029127	1.0071741895910618	0.7825297922691533	0.8464315343440403	0.2431696343757806	0.1489047041375248	0.047595190759033144	0.2231179964284605	0.19142898774938324	1.5078826863601082	0.9270133741300572	0.5991438629017865	1.8469223118206286
ZAM2_s51_OZD	0.9657694066370872	1.2617348155775263	2.654599674551148	2.4218645083719506	0.30554052165391893	0.9920685398980302	0.8087548637847549	0.5208813969419006	0.17461962075570156	0.9513294145554365	1.5385118750183628	2.313452230983689	0.2963587252276162	2.4399145459352636	1.4955295524307404	2.417703084865893	1.2892798537855046	2.3129750384985517	2.3484012187574645	0.3211152826361583	0.6892018385561928	1.0541822278403863	0.5243203446229944	0.20586474676937966	0.4461846252671064	1.6280906174795577	2.1980557013175837	0.44226488656996504	1.0737349548747848	2.0919651399869705	0.8788714386453309	2.4433655950818784	0.2771117881812077	0.4039712480987015	0.449378875901322	0.3407007169969109	2.0550819119200407	2.4769642365602444	0.9772303359331441	1.0615472389118734	0.8126689078627125	0.3719624259690232	0.36650546385572746	0.043651992292269154	0.38452047560533076	1.6077012779822275	0.9038674918493909	0.8042010894501314	2.370257848312686	0.23698194627754748	0.0	0.4094646869804904	0.6465791655176247	2.057803680704689	2.359303790067944	1.091131281040211	0.9030386775256707	0.9540776667172636	0.10234711135096085	0.1146095505950787	0.2412357905791682	0.17691625026196448	0.2791545425255033	1.5861398540159266	1.0190656309373856	0.7113977699755342	1.928963460709235
ZAM2_s53_OZD	1.3521474222508736	1.6497535205043656	3.062252395954682	2.8310782571457933	0.30289862338149254	1.391328023946779	0.40000200973077155	0.11179175343206812	0.3486720344188333	1.3409642382374976	1.9381244938243603	2.722527817105504	0.6482309991460893	2.84871550219765	1.8911246201267502	2.826636277696962	1.675225460859241	2.7202737859273904	2.7547117468164126	0.4117380300499485	0.28083150158448944	1.4635621226851003	0.11760444516027875	0.35969223149694246	0.03674658904362609	2.02137972103248	2.605946265987093	0.7982647117222368	0.6661266592030958	2.49891132395641	1.2612304212767251	2.852221644431209	0.4267516409525496	0.8021091727991432	0.07926740621895564	0.24886972508822747	2.4627774589745974	2.886085864659327	1.3636175257572094	1.4329841087948976	1.2087470982125164	0.7673850621237068	0.7759679808379163	0.3729445998789795	0.7934054016503165	2.0152434815761824	1.280160913011583	1.187496948442552	2.776900380004064	0.5109791510647406	0.4094646869804904	0.0	1.0554673728148467	2.46648117130703	2.7671407008459896	1.4895587808238233	1.2832058022801398	1.3415846588881897	0.5117527788595942	0.4921942873451299	0.5489139850547352	0.2905926804501496	0.35519516967320497	1.9881166589913914	1.414034003192352	1.0942420497322358	2.330382560845659
ZAM2_s54_OZD	0.41335329618143735	0.6738196152276815	2.0084937940482717	1.7756812468622711	0.8708477444178924	0.37998604027494504	1.4531893928654087	1.1671281461603915	0.7458441011032336	0.3869427429898178	0.9096434107939383	1.6670619882957105	0.47678128833433253	1.7933527415731965	0.8775518923100297	1.7711952929962387	0.7063567912718514	1.6672566125871062	1.7038079882913766	0.8091478621478718	1.3335967782485836	0.4145844138736039	1.1708740677542246	0.7560980406792955	1.09221390647005	1.0136179994358472	1.551828071740487	0.3958412582638278	1.7203038111819022	1.446724623124642	0.3640294780131179	1.7968212385198814	0.7547925039980984	0.2779888780256031	1.0890967492800339	0.9303051889557691	1.4090480331712154	1.830629290998384	0.422854198691328	0.5513249166199137	0.24345765189940613	0.314146608176205	0.2822911061661704	0.6826343753214711	0.26209420578146586	0.9620196658810762	0.4090927150659423	0.3101412792262992	1.7252449970590167	0.6285813458058654	0.6465791655176247	1.0554673728148467	0.0	1.4112245186751067	1.7130939219659072	0.47656855887522787	0.39155071566887	0.3987414125665515	0.5449113927706061	0.5716501750010561	0.5812509241200976	0.787580051354957	0.814420361547863	0.951245026707734	0.42305974620131825	0.2681148820613021	1.2933593916106114
ZAM2_s55_OZD	1.188258388317305	0.9350123545384574	0.6018174249083367	0.37018947049679657	2.2613689596938604	1.102438972933122	2.863088273224669	2.578204413506367	2.1465891784788247	1.185378115052931	0.6091918166092484	0.25957196218670286	1.8535712978639713	0.3823772413889664	0.6878895166448682	0.3610306831840393	0.9294044011750142	0.2724128779950376	0.3254482883119447	2.1823313040432883	2.7436208222898704	1.0126985311721994	2.582086829126944	2.151952722892963	2.503222601710626	0.6232008034643367	0.15205617047231	1.725021352992147	3.131521042519999	0.11596953938040468	1.2805411382858591	0.386087858703421	2.132952956523305	1.671449998141605	2.4976416779180624	2.3248725744284373	0.06980234486731474	0.4225658143537768	1.1784050151264764	1.1881531497560458	1.2849645326428754	1.7076566705089906	1.692473852846609	2.093541138449469	1.6733005584513452	0.4561387607215546	1.2858417830683921	1.3410712045272444	0.3387780559408632	2.009691030037356	2.057803680704689	2.46648117130703	1.4112245186751067	0.0	0.30806615527333203	1.0140192805695276	1.2696327147111799	1.1929745470744773	1.9560595644780778	1.978723808258788	1.9626973431158454	2.1931207686136793	2.20109262445444	0.5410149833150523	1.0986059801630124	1.4241227818640645	0.326291866122477
ZAM2_s56_OZD	1.4671102218325278	1.1963876798681157	0.295508799484442	0.15374981497527804	2.55499662600692	1.3914235354893147	3.16232159096852	2.8789269808321034	2.44312824579172	1.4672333795625674	0.8693672240407039	0.12400114454743259	2.1471902904691635	0.11654240387696903	0.9399555628958288	0.11506929214734207	1.1854109950802483	0.05809700757029766	0.08999244513809143	2.4728911069089654	3.0430375967542975	1.3188902193775724	2.883244785216083	2.4472464311336397	2.8038544142029123	0.8469625783643447	0.16126729449777077	2.014701504392171	3.4328657857007654	0.2729150663869916	1.5608665249050682	0.12352173903260867	2.4247295105044753	1.9689720534365467	2.796311207715964	2.6192276601159663	0.30443775358605923	0.1729252766959949	1.4567166807493683	1.4509206731643012	1.575541159065686	2.0048968064712147	1.9950239583523186	2.39429244041795	1.9748765362857945	0.751962936340484	1.5617471147975708	1.6249181343945018	0.07313728868127002	2.302785183029127	2.359303790067944	2.7671407008459896	1.7130939219659072	0.30806615527333203	0.0	1.2991569844680204	1.5476298878892094	1.4731651217438193	2.257924000368809	2.2776198865966997	2.2561717893122286	2.4909918539383398	2.4941525883578475	0.8061766287621084	1.3823986315571837	1.7109839899122279	0.5027211389848844
ZAM2_s57_OZD	0.18235627534166918	0.20757854250166108	1.5904239380547893	1.3841389456101094	1.2594064512784422	0.09932750370230549	1.8770261889269058	1.600765585556131	1.153663501224734	0.1731953237078576	0.4485966244004314	1.273458441276177	0.8531037273358094	1.3919084670553956	0.4053429719761717	1.372636241121845	0.24223267761916342	1.2482723663268782	1.2765151602869313	1.1744687833931886	1.7588590422717796	0.3190961167596494	1.6070425825116996	1.1548743461976598	1.5258541665907914	0.53993808393831	1.1403127185995174	0.7163026791705537	2.1543025811379017	1.0265599540909784	0.26913606829311026	1.3963659546087082	1.1272811627061345	0.6883727159302875	1.5109239841389464	1.3245432033728766	0.9972274960276312	1.4356044685561453	0.17466240368634567	0.25609031314832303	0.2811742437049124	0.7224214541316837	0.7454205524085362	1.1212893890885924	0.7179074706380052	0.5603162066980223	0.2831687555309687	0.32705252705158544	1.3002958365026815	1.0071741895910618	1.091131281040211	1.4895587808238233	0.47656855887522787	1.0140192805695276	1.2991569844680204	0.0	0.2625884369380087	0.1836025275057247	0.9941736773668817	0.9975364843857083	0.9613129526659242	1.205020804089559	1.1979606985103513	0.5008346264207993	0.08510029838636528	0.41183488938048285	0.8415020409284953
ZAM2_s58_OZD	0.08152059488211785	0.36973409068247864	1.835544985568706	1.639001533554436	1.0316253127201516	0.20196245838967788	1.6589661207297823	1.3924344311560148	0.938005994611192	0.09196473561149109	0.6819548592390899	1.5283544910766627	0.6354293897035908	1.6440576003807645	0.6220422083842047	1.6257192349455807	0.3930080736330755	1.4950878680253024	1.5193054758119684	0.9394199871134119	1.5428502689685617	0.489170638020047	1.4005428061775291	0.9344805437297246	1.3185966347362044	0.7452816285827548	1.3907896827582036	0.488095523756169	1.9409998893230085	1.2747626650645811	0.02791359234786426	1.6487853165198383	0.8961307758816792	0.5045886541212826	1.2958554727938114	1.0979690984262191	1.248795220583069	1.6893501677248346	0.09123612467597618	0.16649967594776738	0.15247495039193312	0.5329624022911303	0.5977699414828068	0.9270894544306086	0.5645021594864977	0.8194558640627454	0.026609971971699637	0.0999066125154602	1.5440576938559516	0.7825297922691533	0.9030386775256707	1.2832058022801398	0.39155071566887	1.2696327147111799	1.5476298878892094	0.2625884369380087	0.0	0.07904650251620751	0.8144533483113454	0.7986930217827872	0.739278199130194	0.9934333251352492	0.9694406298875433	0.7420415362912678	0.1787964496273736	0.19166354804404245	1.0730920209395969
ZAM2_s59_OZD	0.014701372528311968	0.308361723587238	1.7621682314935114	1.5626553382380146	1.0971928397048287	0.12898105115577785	1.7217938536489825	1.4516520359851501	0.9990049680037272	0.018709460203488196	0.6103229349121251	1.4519759228247473	0.6961597144871682	1.5685325851176792	0.5539925348778666	1.5499092775103085	0.3352116493658034	1.4210856456044305	1.4464811002018252	1.0075137177708402	1.6048754365875753	0.426526509820209	1.4591409265805995	0.9971882101749067	1.3773420562685463	0.680862857289978	1.3156784436734101	0.5522041259083035	2.0024072491677405	1.2002501098377938	0.08774163903235076	1.5731803382064797	0.9627093262752805	0.5512949159759761	1.3572817878057213	1.163197572185581	1.1733068684211105	1.6133535285249223	0.024566754702445414	0.15943989876168616	0.15736745640142763	0.5821611758006537	0.6322040057992405	0.9803789706339773	0.6005984622176351	0.7416204137072402	0.10106086096522426	0.15564614392531137	1.4709647461360569	0.8464315343440403	0.9540776667172636	1.3415846588881897	0.3987414125665515	1.1929745470744773	1.4731651217438193	0.1836025275057247	0.07904650251620751	0.0	0.8621235860049039	0.8531532776657661	0.802071329758762	1.0531005042947683	1.0351779958507308	0.6687105905787848	0.09984108283934359	0.2478882682768088	1.0029644178307957
ZAM2_s70_OZA	0.8742437107858241	1.1686453606985914	2.5532801030329773	2.319824429300169	0.38452203304837257	0.894926514184431	0.9111014239182695	0.6230857365000786	0.2474686804491736	0.8584794228007795	1.4405845072972416	2.2114941384550946	0.2425976341033892	2.3380958174526474	1.3991780872081085	2.3158184660603767	1.1969252613065469	2.211823584459427	2.2476424726909534	0.3757417229043834	0.7915456092426043	0.9518462081748286	0.6263010150371905	0.27277713430244116	0.5484609371921819	1.5324664474664846	2.0966634523746346	0.3740204014275369	1.1754866474091163	1.9909799986627619	0.7894940764551843	2.3415194460595075	0.323891927877665	0.3108645909001264	0.5511075081965637	0.42843692833106606	1.9537852700942835	2.374977223755974	0.8856532437867747	0.9756167568664639	0.7174644432786227	0.28151730580896617	0.26423674599298813	0.14202304634215535	0.2830842091165891	1.5065252420953	0.8169102804200112	0.714895865573314	2.2693660000732785	0.2431696343757806	0.10234711135096085	0.5117527788595942	0.5449113927706061	1.9560595644780778	2.257924000368809	0.9941736773668817	0.8144533483113454	0.8621235860049039	0.0	0.09451269635418973	0.22706053366986143	0.266869956431896	0.3465269963531021	1.4872631522789528	0.923727762446462	0.6230564696590276	1.8301484588516022
ZAM2_s71_OZA	0.8642966336034927	1.1614800679952966	2.572394194641379	2.3450874096847643	0.31389801160710706	0.8991832989835525	0.8847028229040974	0.6036611041588427	0.17920757869418252	0.8515463569160252	1.4460435118584845	2.2359333528966183	0.1818450269777348	2.3611010149897056	1.3999189041764808	2.3394490710624067	1.1880461624719032	2.2301004133799593	2.2636791470061586	0.2889033228074583	0.7654425929227263	0.9852069419895068	0.6095748627706479	0.19743963362223205	0.5286196823216905	1.5310324870495358	2.116565844960828	0.3292505704443016	1.1578789076008744	2.0084585686730203	0.7753717499463648	2.3647714771344126	0.2349262187119058	0.3099915440663284	0.5189189769028169	0.36613832480188974	1.9731821711029742	2.399606989516138	0.8757820720565012	0.9545788792058304	0.7169849862384629	0.2752014219871352	0.30455282579122045	0.12913350747635302	0.31361795480521965	1.5257036826480084	0.7980879347779916	0.7009239813696619	2.2861053188490383	0.1489047041375248	0.1146095505950787	0.4921942873451299	0.5716501750010561	1.978723808258788	2.2776198865966997	0.9975364843857083	0.7986930217827872	0.8531532776657661	0.09451269635418973	0.0	0.1373941389893812	0.21598261149754172	0.2677933223512794	1.495934487491277	0.922732825311074	0.6076374395697367	1.8381921010779885
ZAM2_s72_OZA	0.8116231184450147	1.1083509682946862	2.5493081885021662	2.3316954949629767	0.2988354702188159	0.8659449892922845	0.9199091035899954	0.6558013180546323	0.20040441167316267	0.8033621178694283	1.408013080039101	2.2216363411497806	0.10912816483881466	2.3442969239747606	1.3556000579556624	2.323636316809262	1.1322827234845658	2.206719656052427	2.2369338932574876	0.22791454258013208	0.8035721183170029	0.9932630065863479	0.665076878397224	0.19524150790785688	0.5832178506833637	1.4827816385887627	2.0959435782931184	0.25131946861459137	1.2017727214698386	1.9846845138982	0.7187861409385606	2.348323850567201	0.17378445242413804	0.30329653235619297	0.5567739109467447	0.36334119536525883	1.9523548198579912	2.3851162001084196	0.8229920323482214	0.8851176561826377	0.6813777999401205	0.2671302175063055	0.35462838620531845	0.23830098579083095	0.3497208991646549	1.5068903161978886	0.7344339436310025	0.6465478102142426	2.260312762936457	0.047595190759033144	0.2412357905791682	0.5489139850547352	0.5812509241200976	1.9626973431158454	2.2561717893122286	0.9613129526659242	0.739278199130194	0.802071329758762	0.22706053366986143	0.1373941389893812	0.0	0.2587227222399864	0.2384414826396933	1.4621128456697232	0.8815673101050454	0.5544369460960394	1.8015684954344942
ZAM2_s73_OZA	1.0633705413826606	1.360900731192843	2.7854547135860575	2.560020941465134	0.1344442799268156	1.1075943094826455	0.6724031424156437	0.39900510021608754	0.06061565305019329	1.0530658017133552	1.653463801788354	2.4507020717976338	0.35805427632207376	2.5754704735751828	1.6044206998642958	2.5539908461874945	1.3859046666071488	2.4429818363587836	2.475650250094811	0.18868299754918877	0.5538892354927962	1.2011747317814065	0.4074167118604956	0.08336823240540278	0.32543993543799793	1.7336429122641288	2.3300735359611786	0.5077015122441418	0.9498340383358835	2.2211499169441313	0.9718336983471405	2.5792069110221245	0.17043722046318688	0.5220207141124023	0.306042318644046	0.16379471057504566	2.1865861282091466	2.6143832219323206	1.074820404204448	1.14241977229613	0.9238470888847675	0.4861472856142592	0.518172550388019	0.13361077940314295	0.5291635663594673	1.739318269023078	0.9899568911781867	0.8984367188055702	2.498358087706542	0.2231179964284605	0.17691625026196448	0.2905926804501496	0.787580051354957	2.1931207686136793	2.4909918539383398	1.205020804089559	0.9934333251352492	1.0531005042947683	0.266869956431896	0.21598261149754172	0.2587227222399864	0.0	0.12979921918896786	1.7050803871397515	1.127908692883218	0.8053632614100026	2.0465133862863967
ZAM2_s74_OZA	1.0440850981177099	1.33917470597136	2.787035458095228	2.570131714484062	0.062241441770343194	1.1033236211623083	0.6930916493110504	0.4497400759799445	0.1045906965052719	1.0374443312990085	1.643425266407539	2.460061873156251	0.34756145877912664	2.5826261379039304	1.589169918179256	2.5620120611168784	1.3617959463919105	2.4444892418920445	2.4741994781114314	0.06240590825648995	0.5803773141670303	1.2282657228487102	0.46233692271796195	0.07429300744288597	0.38414748174576036	1.714597770044696	2.3340377365311706	0.4830984392136562	0.9781778886085012	2.222469557437861	0.9503496174275247	2.5866702764868217	0.07528212685927792	0.5379128325512001	0.3412123866084196	0.12888335784428537	2.190461818893801	2.6235309770656507	1.0553411532967698	1.108414773707172	0.9188551287436476	0.5013126237377172	0.5656627110893906	0.24107772937864075	0.5688760193424597	1.7452331320921155	0.962571385207245	0.8795663633545682	2.497725253028383	0.19142898774938324	0.2791545425255033	0.35519516967320497	0.814420361547863	2.20109262445444	2.4941525883578475	1.1979606985103513	0.9694406298875433	1.0351779958507308	0.3465269963531021	0.2677933223512794	0.2384414826396933	0.12979921918896786	0.0	1.698487854681261	1.1173203678511976	0.7886872620487922	2.0369048464235835
ZAM2_s75_OZA	0.6620224160736488	0.39440705695457556	1.0935755399031297	0.9045945779698895	1.7600381905774651	0.5974975164417279	2.377350338311246	2.099583375725171	1.6542340789947791	0.6638639484031067	0.06953257548846087	0.7947339452882662	1.3539381693795904	0.9053005737461085	0.15237129083554532	0.8882555358147731	0.38847668397729324	0.7531602591683724	0.7777915484122733	1.673866733140906	2.258967695528404	0.6146555762538385	2.105410825128596	1.6556924268120354	2.0245537785961676	0.16664669554421901	0.6510898104988672	1.2161471564066644	2.6536245937705143	0.5336506848897867	0.756177114018296	0.9103416564988437	1.62740496489548	1.1860235290458954	2.011096039652272	1.8252859939812047	0.5112834485349012	0.9526523734287642	0.6514381717440324	0.6484510116290884	0.7816343419057488	1.220794400716334	1.2310135642914328	1.6179253380953758	1.2064526093978192	0.17079924905413504	0.7556892429246425	0.8222568675568298	0.8022612505469225	1.5078826863601082	1.5861398540159266	1.9881166589913914	0.951245026707734	0.5410149833150523	0.8061766287621084	0.5008346264207993	0.7420415362912678	0.6687105905787848	1.4872631522789528	1.495934487491277	1.4621128456697232	1.7050803871397515	1.698487854681261	0.0	0.5813722364018025	0.9106959521352597	0.34288766105051866
ZAM2_s76_OZA	0.10071774511282966	0.25139086836554353	1.6729952240552046	1.4686577821151794	1.1789793993116382	0.05696391916509307	1.7991644117398182	1.524908724443481	1.0755887046065828	0.08825129681084024	0.5264574305997571	1.3579682444182972	0.7739225897883018	1.4759374676954182	0.4771872063570189	1.4568393311300318	0.2834206895483388	1.331123108752989	1.3584218407704758	1.0925639224418517	1.6813828916215796	0.35198990024048865	1.5316166698549187	1.075812351156655	1.4501639720931434	0.6090252374135655	1.2239387318464345	0.6347789972284331	2.077686838371463	1.1096336702827685	0.1841477873674592	1.4804478219120458	1.0460525078879912	0.6152101478907507	1.4334480941747336	1.244425396147907	1.0810345350560504	1.519937724450085	0.09490927349571927	0.20587512429923924	0.2064015593946014	0.6483242885421958	0.6810465532850989	1.0478943763274042	0.6518741531856345	0.6453167551399173	0.20063473322353656	0.24273258831689692	1.382448841990677	0.9270133741300572	1.0190656309373856	1.414034003192352	0.42305974620131825	1.0986059801630124	1.3823986315571837	0.08510029838636528	0.1787964496273736	0.09984108283934359	0.923727762446462	0.922732825311074	0.8815673101050454	1.127908692883218	1.1173203678511976	0.5813722364018025	0.0	0.3293843328794866	0.9200066587465259
ZAM2_s77_OZA	0.25800777499521793	0.5555746921297485	2.0021341588243726	1.7943011236697213	0.8505343909481528	0.3220014035310854	1.4739747808212573	1.204078693916037	0.7511191584593184	0.24896219137802078	0.8548059907094302	1.6836925635200115	0.4482725821081441	1.803179341676628	0.8011744485675245	1.7836173475398915	0.581085744373234	1.66007281171872	1.687779411583861	0.7631852121164328	1.3569936844831771	0.5342917991135795	1.21174640380509	0.7494466724938618	1.1298893740260936	0.9287440196796336	1.5520116125448713	0.3056863096243375	1.7545297707060203	1.4383921202921317	0.1677424292505395	1.8075558781986771	0.716950926653289	0.3140389710881243	1.109394348311627	0.9162938383545576	1.4088130317859135	1.8462861018614611	0.26946026959044905	0.3534822421776316	0.14675550037000962	0.34154166063588604	0.41571543980655656	0.735770987904266	0.38123122400911796	0.9686740833180925	0.1942927949421173	0.09335753240240861	1.711752653047016	0.5991438629017865	0.7113977699755342	1.0942420497322358	0.2681148820613021	1.4241227818640645	1.7109839899122279	0.41183488938048285	0.19166354804404245	0.2478882682768088	0.6230564696590276	0.6076374395697367	0.5544369460960394	0.8053632614100026	0.7886872620487922	0.9106959521352597	0.3293843328794866	0.0	1.2482350638887976
ZAM2_s78_OZA	0.995039428353904	0.709582471546066	0.7726952419413794	0.628495885500081	2.0986959681723	0.9391624343751461	2.718503656285095	2.4417617177331703	1.9950569228679942	0.9997441829157925	0.3935566817506017	0.5275684967052643	1.6938700770648496	0.6138468383385203	0.4521273836929245	0.6025973902845587	0.6944781383257409	0.44540994033352965	0.4558815937737695	2.010422140141655	2.6003607892869196	0.9403356894180456	2.447749234568586	1.9957609769887041	2.366771866595832	0.3461461299340233	0.3694083288898698	1.5539058062603839	2.9955956741759686	0.2542723290128864	1.0894356370312472	0.6199972898667477	1.9650771922616923	1.5284014968465214	2.352425907503847	2.164294398924757	0.2642372955706888	0.6671809078357743	0.9840547534137948	0.9615739682738981	1.1226741684580115	1.562997607640517	1.573646981640831	1.9605867459221007	1.549271959254936	0.37504107272985004	1.0842887763725368	1.158075723298016	0.48253254005815166	1.8469223118206286	1.928963460709235	2.330382560845659	1.2933593916106114	0.326291866122477	0.5027211389848844	0.8415020409284953	1.0730920209395969	1.0029644178307957	1.8301484588516022	1.8381921010779885	1.8015684954344942	2.0465133862863967	2.0369048464235835	0.34288766105051866	0.9200066587465259	1.2482350638887976	0.0
